Transaction ID,Date,Customer ID,Gender,Age,Product Category,Quantity,Price per Unit,Total Amount,Average,Mode,Median,,Standard Deviation
180,01-01-2023,CUST180,Male,41,Clothing,3,300,900,311,64,42,,325.4539138
522,01-01-2023,CUST522,Male,46,Beauty,3,500,1500,512.25,43,3,,543.3204446
559,01-01-2023,CUST559,Female,40,Clothing,4,300,1200,386,,50,,443.2795393
163,02-01-2023,CUST163,Female,64,Clothing,3,50,150,66.75,,135,,53.08789145
303,02-01-2023,CUST303,Male,19,Electronics,3,30,90,35.5,,,,31.57802836
421,02-01-2023,CUST421,Female,37,Clothing,3,500,1500,510,,46,,543.4419817
979,02-01-2023,CUST979,Female,19,Beauty,1,25,25,17.5,,,,9.800350759
610,03-01-2023,CUST610,Female,26,Beauty,2,300,600,232,,,,213.5058547
32,04-01-2023,CUST032,Male,30,Beauty,3,30,90,38.25,,,,31.51060089
231,04-01-2023,CUST231,Female,23,Clothing,3,50,150,56.5,,,,53.3061617
683,04-01-2023,CUST683,Male,38,Beauty,2,500,1000,385,,,,356.3834838
367,05-01-2023,CUST367,Female,57,Electronics,1,50,50,39.5,,,,20.16300759
391,05-01-2023,CUST391,Male,19,Beauty,2,25,50,24,,,,16.99080634
432,05-01-2023,CUST432,Female,60,Electronics,2,500,1000,390.5,,,,356.0565922
150,06-01-2023,CUST150,Female,58,Electronics,4,30,120,53,,,,43.04866432
845,06-01-2023,CUST845,Male,54,Clothing,1,500,500,263.75,,,,205.953224
797,07-01-2023,CUST797,Male,40,Clothing,3,25,75,35.75,,,,26.09679997
921,07-01-2023,CUST921,Male,51,Electronics,3,25,75,38.5,,,,26.15190003
291,08-01-2023,CUST291,Male,60,Clothing,2,300,600,240.5,,,,213.0244631
907,08-01-2023,CUST907,Female,45,Electronics,1,25,25,24,,,,10.25609575
860,09-01-2023,CUST860,Male,63,Clothing,4,50,200,79.25,,,,72.51322616
184,10-01-2023,CUST184,Male,31,Electronics,4,50,200,71.25,,,,72.70775728
734,10-01-2023,CUST734,Female,27,Clothing,1,30,30,22,,,,11.86117616
225,11-01-2023,CUST225,Female,57,Beauty,4,25,100,46.5,,,,35.71829888
679,11-01-2023,CUST679,Female,18,Beauty,3,30,90,35.25,,,,31.58637711
746,11-01-2023,CUST746,Female,33,Clothing,3,30,90,39,,,,31.5
3,13-01-2023,CUST003,Male,50,Electronics,1,30,30,27.75,,,,12.26704809
464,13-01-2023,CUST464,Male,38,Electronics,2,300,600,235,,,,213.3288248
484,13-01-2023,CUST484,Female,19,Clothing,4,300,1200,380.75,,,,443.5414078
591,13-01-2023,CUST591,Male,53,Electronics,4,25,100,45.5,,,,35.70254718
21,14-01-2023,CUST021,Female,50,Beauty,1,500,500,262.75,,,,206.0173214
708,14-01-2023,CUST708,Female,43,Beauty,3,300,900,311.5,,,,325.4280594
713,14-01-2023,CUST713,Male,34,Beauty,3,25,75,34.25,,,,26.08961419
768,14-01-2023,CUST768,Female,24,Beauty,3,25,75,31.75,,,,26.1135591
499,15-01-2023,CUST499,Male,46,Beauty,2,30,60,34.5,,,,20.57721738
697,15-01-2023,CUST697,Male,53,Clothing,1,500,500,263.5,,,,205.9691649
831,15-01-2023,CUST831,Male,27,Electronics,4,25,100,39,,,,35.72814017
15,16-01-2023,CUST015,Female,42,Electronics,4,500,2000,636.5,,,,739.8417377
743,16-01-2023,CUST743,Female,34,Beauty,4,500,2000,634.5,,,,739.9426815
14,17-01-2023,CUST014,Male,64,Clothing,4,30,120,54.5,,,,43.06445025
103,17-01-2023,CUST103,Female,59,Clothing,1,25,25,27.5,,,,10.80147559
238,17-01-2023,CUST238,Female,39,Beauty,1,500,500,260,,,,206.1981753
986,17-01-2023,CUST986,Female,49,Clothing,2,500,1000,387.75,,,,356.2180852
438,19-01-2023,CUST438,Female,42,Clothing,1,30,30,25.75,,,,12.0692986
475,20-01-2023,CUST475,Male,26,Clothing,3,25,75,32.25,,,,26.10518088
505,20-01-2023,CUST505,Male,24,Beauty,1,50,50,31.25,,,,20.03151813
344,21-01-2023,CUST344,Female,42,Beauty,1,30,30,25.75,,,,12.0692986
448,21-01-2023,CUST448,Female,54,Beauty,2,30,60,36.5,,,,20.66511251
742,21-01-2023,CUST742,Female,38,Electronics,4,500,2000,635.5,,,,739.8920846
445,22-01-2023,CUST445,Female,53,Electronics,1,300,300,163.5,,,,123.1038053
787,22-01-2023,CUST787,Male,41,Electronics,1,25,25,23,,,,10.13656747
49,23-01-2023,CUST049,Female,54,Electronics,2,500,1000,389,,,,356.1441948
420,23-01-2023,CUST420,Female,22,Clothing,4,500,2000,631.5,,,,740.0959714
519,23-01-2023,CUST519,Female,36,Electronics,4,30,120,47.5,,,,43.07460824
64,24-01-2023,CUST064,Male,49,Clothing,4,25,100,44.5,,,,35.69204218
592,24-01-2023,CUST592,Female,46,Beauty,4,500,2000,637.5,,,,739.7916409
912,24-01-2023,CUST912,Male,51,Beauty,3,50,150,63.5,,,,53.11705823
134,25-01-2023,CUST134,Male,49,Electronics,1,50,50,37.5,,,,20.07291396
288,26-01-2023,CUST288,Male,28,Clothing,4,30,120,45.5,,,,43.11666586
323,26-01-2023,CUST323,Female,29,Beauty,3,300,900,308,,,,325.6120199
618,26-01-2023,CUST618,Female,27,Beauty,1,50,50,32,,,,20.01718012
720,26-01-2023,CUST720,Female,56,Beauty,3,500,1500,514.75,,,,543.1874209
415,27-01-2023,CUST415,Male,53,Clothing,2,30,60,36.25,,,,20.65216015
736,27-01-2023,CUST736,Male,29,Clothing,4,25,100,39.5,,,,35.71829888
929,27-01-2023,CUST929,Female,23,Beauty,3,25,75,31.5,,,,26.11842022
264,28-01-2023,CUST264,Male,47,Clothing,3,300,900,312.5,,,,325.3767768
913,28-01-2023,CUST913,Male,29,Electronics,3,30,90,38,,,,31.51487744
940,28-01-2023,CUST940,Female,20,Electronics,1,30,30,20.25,,,,11.83925541
101,29-01-2023,CUST101,Male,32,Clothing,2,300,600,233.5,,,,213.4163697
189,30-01-2023,CUST189,Male,63,Beauty,1,50,50,41,,,,20.2546291
317,30-01-2023,CUST317,Male,22,Electronics,3,30,90,36.25,,,,31.55519717
322,30-01-2023,CUST322,Male,51,Electronics,1,500,500,263,,,,206.0012136
329,30-01-2023,CUST329,Female,46,Electronics,4,25,100,43.75,,,,35.68760946
235,31-01-2023,CUST235,Female,23,Electronics,2,500,1000,381.25,,,,356.6153116
300,31-01-2023,CUST300,Female,19,Electronics,4,50,200,68.25,,,,72.8230679
964,31-01-2023,CUST964,Male,24,Clothing,3,300,900,306.75,,,,325.679404
269,01-02-2023,CUST269,Male,25,Clothing,4,500,2000,632.25,,,,740.0574381
320,01-02-2023,CUST320,Female,28,Electronics,4,300,1200,383,,,,443.4277703
673,01-02-2023,CUST673,Female,43,Clothing,3,500,1500,511.5,,,,543.3607659
142,02-02-2023,CUST142,Male,35,Electronics,4,300,1200,384.75,,,,443.3408457
223,02-02-2023,CUST223,Female,64,Clothing,1,25,25,28.75,,,,11.04023183
666,02-02-2023,CUST666,Male,51,Electronics,3,50,150,63.5,,,,53.11705823
107,03-02-2023,CUST107,Female,21,Clothing,4,300,1200,381.25,,,,443.5159726
933,03-02-2023,CUST933,Male,22,Beauty,1,30,30,20.75,,,,11.8405751
237,04-02-2023,CUST237,Female,50,Beauty,2,500,1000,388,,,,356.2032425
335,04-02-2023,CUST335,Female,47,Beauty,4,30,120,50.25,,,,43.04517068
63,05-02-2023,CUST063,Male,57,Electronics,2,25,50,33.5,,,,17.31103333
195,05-02-2023,CUST195,Male,52,Clothing,1,30,30,28.25,,,,12.32550075
333,05-02-2023,CUST333,Female,54,Electronics,4,300,1200,389.5,,,,443.1113538
379,05-02-2023,CUST379,Female,47,Clothing,1,25,25,24.5,,,,10.32215457
490,05-02-2023,CUST490,Male,34,Clothing,3,50,150,59.25,,,,53.21136362
530,05-02-2023,CUST530,Female,18,Electronics,4,30,120,43,,,,43.19360485
740,05-02-2023,CUST740,Female,25,Beauty,4,50,200,69.75,,,,72.76253651
793,05-02-2023,CUST793,Male,54,Beauty,1,30,30,28.75,,,,12.38746216
85,06-02-2023,CUST085,Male,31,Clothing,3,50,150,58.5,,,,53.23459284
232,06-02-2023,CUST232,Female,43,Beauty,1,25,25,23.5,,,,10.19420791
240,06-02-2023,CUST240,Female,23,Beauty,1,300,300,156,,,,123.5665307
993,06-02-2023,CUST993,Female,48,Electronics,3,50,150,62.75,,,,53.12908073
366,07-02-2023,CUST366,Male,57,Clothing,2,50,100,52.25,,,,34.65741939
372,07-02-2023,CUST372,Female,24,Beauty,3,500,1500,506.75,,,,543.6205701
596,07-02-2023,CUST596,Female,64,Electronics,1,300,300,166.25,,,,122.955197
936,07-02-2023,CUST936,Male,57,Beauty,4,50,200,77.75,,,,72.53714027
284,08-02-2023,CUST284,Male,43,Clothing,4,50,200,74.25,,,,72.61550605
434,08-02-2023,CUST434,Female,43,Electronics,2,25,50,30,,,,17.0788612
775,08-02-2023,CUST775,Female,46,Electronics,4,25,100,43.75,,,,35.68760946
977,08-02-2023,CUST977,Female,35,Electronics,3,25,75,34.5,,,,26.08968906
649,09-02-2023,CUST649,Female,58,Clothing,2,300,600,240,,,,213.0510502
54,10-02-2023,CUST054,Female,38,Electronics,3,500,1500,510.25,,,,543.4283927
68,10-02-2023,CUST068,Male,25,Electronics,1,300,300,156.5,,,,123.5330801
192,10-02-2023,CUST192,Male,62,Beauty,2,50,100,53.5,,,,34.6723503
331,11-02-2023,CUST331,Male,28,Electronics,3,30,90,37.75,,,,31.5195252
346,11-02-2023,CUST346,Male,59,Clothing,2,500,1000,390.25,,,,356.0711119
657,11-02-2023,CUST657,Male,40,Clothing,1,25,25,22.75,,,,10.10936293
732,11-02-2023,CUST732,Male,61,Electronics,2,500,1000,390.75,,,,356.0421049
972,11-02-2023,CUST972,Male,49,Beauty,4,25,100,44.5,,,,35.69204218
714,12-02-2023,CUST714,Female,18,Clothing,1,500,500,254.75,,,,206.5620651
193,13-02-2023,CUST193,Male,35,Beauty,3,500,1500,509.5,,,,543.4692235
577,13-02-2023,CUST577,Male,21,Beauty,4,500,2000,631.25,,,,740.108847
848,13-02-2023,CUST848,Female,63,Clothing,3,25,75,41.5,,,,26.27350138
945,13-02-2023,CUST945,Male,30,Beauty,1,25,25,20.25,,,,9.89850841
11,14-02-2023,CUST011,Male,23,Clothing,2,50,100,43.75,,,,34.77983207
821,14-02-2023,CUST821,Male,49,Electronics,1,300,300,162.5,,,,123.1606547
133,16-02-2023,CUST133,Male,20,Electronics,3,300,900,305.75,,,,325.7339489
16,17-02-2023,CUST016,Male,19,Clothing,3,500,1500,505.5,,,,543.6902122
42,17-02-2023,CUST042,Male,22,Clothing,3,300,900,306.25,,,,325.7066057
292,17-02-2023,CUST292,Male,20,Beauty,4,300,1200,381,,,,443.5286772
416,17-02-2023,CUST416,Male,53,Electronics,4,500,2000,639.25,,,,739.7045731
584,17-02-2023,CUST584,Female,27,Beauty,4,50,200,70.25,,,,72.74363696
861,17-02-2023,CUST861,Female,41,Clothing,3,30,90,41,,,,31.48809299
256,18-02-2023,CUST256,Male,23,Clothing,2,500,1000,381.25,,,,356.6153116
44,19-02-2023,CUST044,Female,22,Clothing,1,25,25,18.25,,,,9.812898081
257,19-02-2023,CUST257,Male,19,Beauty,4,500,2000,630.75,,,,740.1346452
268,20-02-2023,CUST268,Female,28,Electronics,1,30,30,22.25,,,,11.86825466
287,20-02-2023,CUST287,Male,54,Clothing,4,25,100,45.75,,,,35.70599346
966,20-02-2023,CUST966,Male,60,Electronics,2,500,1000,390.5,,,,356.0565922
70,21-02-2023,CUST070,Female,43,Clothing,1,300,300,161,,,,123.2487322
371,21-02-2023,CUST371,Female,20,Beauty,1,25,25,17.75,,,,9.803339673
900,21-02-2023,CUST900,Male,21,Clothing,2,30,60,28.25,,,,20.53683809
8,22-02-2023,CUST008,Male,30,Electronics,4,25,100,39.75,,,,35.71386942
41,22-02-2023,CUST041,Male,34,Clothing,2,25,50,27.75,,,,16.99942554
454,22-02-2023,CUST454,Female,46,Beauty,1,25,25,24.25,,,,10.28860869
780,22-02-2023,CUST780,Male,52,Electronics,2,25,50,32.25,,,,17.21316266
920,22-02-2023,CUST920,Female,28,Beauty,3,25,75,32.75,,,,26.09859611
396,23-02-2023,CUST396,Female,55,Beauty,1,30,30,29,,,,12.41974235
168,24-02-2023,CUST168,Male,53,Clothing,1,300,300,163.5,,,,123.1038053
400,24-02-2023,CUST400,Male,53,Clothing,4,50,200,76.75,,,,72.55630895
611,24-02-2023,CUST611,Male,51,Beauty,3,500,1500,513.5,,,,543.2536672
800,24-02-2023,CUST800,Male,32,Clothing,4,300,1200,384,,,,443.3779426
272,25-02-2023,CUST272,Female,61,Electronics,2,50,100,53.25,,,,34.66868859
473,25-02-2023,CUST473,Male,64,Beauty,1,50,50,41.25,,,,20.27188247
506,25-02-2023,CUST506,Male,34,Beauty,3,500,1500,509.25,,,,543.4828762
766,25-02-2023,CUST766,Male,38,Electronics,3,300,900,310.25,,,,325.4929615
135,26-02-2023,CUST135,Male,20,Clothing,2,25,50,24.25,,,,16.98655259
2,27-02-2023,CUST002,Female,26,Clothing,2,500,1000,382,,,,356.5683665
158,27-02-2023,CUST158,Female,44,Electronics,2,300,600,236.5,,,,213.2432223
185,27-02-2023,CUST185,Male,24,Clothing,1,25,25,18.75,,,,9.827218261
433,27-02-2023,CUST433,Male,29,Beauty,4,50,200,70.75,,,,72.72537706
152,28-02-2023,CUST152,Male,43,Electronics,4,500,2000,636.75,,,,739.8291901
753,28-02-2023,CUST753,Female,32,Clothing,1,30,30,23.25,,,,11.90637303
763,28-02-2023,CUST763,Male,34,Clothing,2,25,50,27.75,,,,16.99942554
932,28-02-2023,CUST932,Female,45,Beauty,4,25,100,43.5,,,,35.68678852
399,01-03-2023,CUST399,Female,64,Beauty,2,30,60,39,,,,20.82516507
500,01-03-2023,CUST500,Female,60,Beauty,4,25,100,47.25,,,,35.73355172
514,01-03-2023,CUST514,Female,18,Electronics,1,300,300,154.75,,,,123.651776
947,02-03-2023,CUST947,Male,50,Beauty,1,300,300,162.75,,,,123.1463021
220,03-03-2023,CUST220,Male,64,Beauty,1,500,500,266.25,,,,205.7968792
339,03-03-2023,CUST339,Female,22,Electronics,2,25,50,24.75,,,,16.98011245
785,03-03-2023,CUST785,Female,31,Beauty,4,50,200,71.25,,,,72.70775728
885,03-03-2023,CUST885,Female,52,Clothing,4,30,120,51.5,,,,43.04267504
888,03-03-2023,CUST888,Female,52,Electronics,4,25,100,45.25,,,,35.69942883
621,04-03-2023,CUST621,Female,40,Beauty,2,500,1000,385.5,,,,356.353121
52,05-03-2023,CUST052,Female,36,Beauty,1,300,300,159.25,,,,123.3557324
536,05-03-2023,CUST536,Female,55,Beauty,4,30,120,52.25,,,,43.04444469
197,06-03-2023,CUST197,Female,42,Clothing,4,50,200,74,,,,72.62231062
750,06-03-2023,CUST750,Female,35,Clothing,3,25,75,34.5,,,,26.08968906
910,06-03-2023,CUST910,Female,20,Beauty,3,50,150,55.75,,,,53.33660065
917,06-03-2023,CUST917,Female,57,Electronics,4,50,200,77.75,,,,72.53714027
198,07-03-2023,CUST198,Female,54,Beauty,3,300,900,314.25,,,,325.2883997
444,07-03-2023,CUST444,Female,61,Clothing,3,30,90,46,,,,31.56243812
547,07-03-2023,CUST547,Male,63,Clothing,4,500,2000,641.75,,,,739.5815197
705,07-03-2023,CUST705,Male,60,Electronics,2,25,50,34.25,,,,17.37758524
423,08-03-2023,CUST423,Female,27,Clothing,1,25,25,19.5,,,,9.857579571
248,09-03-2023,CUST248,Male,26,Clothing,3,300,900,307.25,,,,325.6523441
360,09-03-2023,CUST360,Male,42,Clothing,4,25,100,42.75,,,,35.68629595
377,09-03-2023,CUST377,Female,46,Clothing,4,50,200,75,,,,72.59605706
397,10-03-2023,CUST397,Female,30,Beauty,1,25,25,20.25,,,,9.89850841
623,10-03-2023,CUST623,Male,34,Clothing,3,50,150,59.25,,,,53.21136362
717,11-03-2023,CUST717,Male,57,Clothing,1,500,500,264.5,,,,205.9057354
130,12-03-2023,CUST130,Female,57,Clothing,1,500,500,264.5,,,,205.9057354
658,12-03-2023,CUST658,Male,59,Clothing,1,25,25,27.5,,,,10.80147559
7,13-03-2023,CUST007,Male,46,Clothing,2,25,50,30.75,,,,17.11758507
119,13-03-2023,CUST119,Female,60,Clothing,3,50,150,65.75,,,,53.09289471
278,13-03-2023,CUST278,Female,37,Clothing,4,25,100,41.5,,,,35.69204218
117,15-03-2023,CUST117,Male,19,Electronics,2,500,1000,380.25,,,,356.6783554
442,17-03-2023,CUST442,Female,60,Clothing,4,25,100,47.25,,,,35.73355172
590,17-03-2023,CUST590,Male,36,Clothing,3,300,900,309.75,,,,325.5191707
607,17-03-2023,CUST607,Male,54,Clothing,3,25,75,39.25,,,,26.17631026
436,18-03-2023,CUST436,Female,57,Clothing,4,30,120,52.75,,,,43.04698559
942,18-03-2023,CUST942,Male,51,Clothing,3,500,1500,513.5,,,,543.2536672
659,19-03-2023,CUST659,Female,39,Electronics,1,30,30,25,,,,12.01041215
941,19-03-2023,CUST941,Female,57,Clothing,2,25,50,33.5,,,,17.31103333
136,20-03-2023,CUST136,Male,44,Electronics,2,300,600,236.5,,,,213.2432223
175,20-03-2023,CUST175,Female,31,Electronics,4,25,100,40,,,,35.70976757
663,20-03-2023,CUST663,Male,23,Clothing,4,300,1200,381.75,,,,443.4906416
748,20-03-2023,CUST748,Male,25,Clothing,3,50,150,57,,,,53.286959
806,20-03-2023,CUST806,Female,35,Beauty,3,300,900,309.5,,,,325.5323285
38,21-03-2023,CUST038,Male,38,Beauty,4,50,200,73,,,,72.65113557
313,21-03-2023,CUST313,Female,55,Beauty,3,500,1500,514.5,,,,543.2006276
402,21-03-2023,CUST402,Female,41,Clothing,2,300,600,235.75,,,,213.2857806
459,21-03-2023,CUST459,Male,28,Clothing,4,300,1200,383,,,,443.4277703
161,22-03-2023,CUST161,Male,64,Beauty,2,500,1000,391.5,,,,355.9988369
328,22-03-2023,CUST328,Male,39,Beauty,2,50,100,47.75,,,,34.67364588
383,22-03-2023,CUST383,Female,46,Beauty,3,30,90,42.25,,,,31.4927447
973,22-03-2023,CUST973,Male,60,Clothing,1,50,50,40.25,,,,20.20626063
978,22-03-2023,CUST978,Female,53,Clothing,3,50,150,64,,,,53.11014498
33,23-03-2023,CUST033,Female,50,Electronics,2,50,100,50.5,,,,34.65071247
138,23-03-2023,CUST138,Male,49,Clothing,4,50,200,75.75,,,,72.57805604
471,23-03-2023,CUST471,Male,32,Clothing,3,50,150,58.75,,,,53.22663073
636,23-03-2023,CUST636,Female,21,Beauty,3,500,1500,506,,,,543.6622918
177,24-03-2023,CUST177,Male,45,Beauty,2,50,100,49.25,,,,34.65606684
426,24-03-2023,CUST426,Male,23,Electronics,3,50,150,56.5,,,,53.3061617
76,25-03-2023,CUST076,Female,22,Electronics,2,50,100,43.5,,,,34.78932128
91,25-03-2023,CUST091,Female,55,Electronics,1,500,500,264,,,,205.9373388
461,25-03-2023,CUST461,Female,18,Beauty,2,500,1000,380,,,,356.6941968
764,25-03-2023,CUST764,Female,40,Clothing,1,25,25,22.75,,,,10.10936293
202,26-03-2023,CUST202,Female,34,Clothing,4,300,1200,384.5,,,,443.3531853
301,26-03-2023,CUST301,Male,30,Clothing,4,30,120,46,,,,43.10452412
703,26-03-2023,CUST703,Male,34,Electronics,2,50,100,46.5,,,,34.69757736
294,27-03-2023,CUST294,Female,23,Clothing,3,30,90,36.5,,,,31.54832603
760,27-03-2023,CUST760,Male,27,Beauty,1,500,500,257,,,,206.403125
575,28-03-2023,CUST575,Male,60,Clothing,2,50,100,53,,,,34.66536456
88,29-03-2023,CUST088,Male,56,Clothing,1,500,500,264.25,,,,205.9215092
975,30-03-2023,CUST975,Female,56,Clothing,4,50,200,77.5,,,,72.5416906
553,31-03-2023,CUST553,Male,24,Clothing,4,300,1200,382,,,,443.4780152
462,01-04-2023,CUST462,Male,63,Electronics,4,300,1200,391.75,,,,443.0059387
614,01-04-2023,CUST614,Female,39,Beauty,4,300,1200,385.75,,,,443.2917484
808,01-04-2023,CUST808,Male,33,Beauty,4,500,2000,634.25,,,,739.9553697
166,02-04-2023,CUST166,Male,34,Clothing,4,500,2000,634.5,,,,739.9426815
465,02-04-2023,CUST465,Female,43,Electronics,3,50,150,61.5,,,,53.15352176
502,02-04-2023,CUST502,Male,43,Electronics,3,50,150,61.5,,,,53.15352176
905,02-04-2023,CUST905,Male,58,Beauty,1,300,300,164.75,,,,123.0348496
280,04-04-2023,CUST280,Female,37,Clothing,3,500,1500,510,,,,543.4419817
719,04-04-2023,CUST719,Female,42,Clothing,2,30,60,33.5,,,,20.54682153
834,04-04-2023,CUST834,Female,56,Beauty,2,30,60,37,,,,20.69269195
891,05-04-2023,CUST891,Male,41,Electronics,3,300,900,311,,,,325.4539138
928,05-04-2023,CUST928,Female,35,Clothing,4,300,1200,384.75,,,,443.3408457
332,06-04-2023,CUST332,Male,58,Electronics,4,300,1200,390.5,,,,443.0642413
255,08-04-2023,CUST255,Male,48,Clothing,1,30,30,27.25,,,,12.21215455
275,08-04-2023,CUST275,Male,43,Clothing,2,500,1000,386.25,,,,356.3078188
314,08-04-2023,CUST314,Male,52,Clothing,4,30,120,51.5,,,,43.04267504
517,08-04-2023,CUST517,Female,47,Clothing,4,25,100,44,,,,35.68875873
847,08-04-2023,CUST847,Female,18,Electronics,4,300,1200,380.5,,,,443.5541645
61,09-04-2023,CUST061,Male,21,Beauty,4,50,200,68.75,,,,72.8022525
274,09-04-2023,CUST274,Female,23,Clothing,2,500,1000,381.25,,,,356.6153116
486,09-04-2023,CUST486,Female,35,Electronics,1,25,25,21.5,,,,9.989838587
548,09-04-2023,CUST548,Female,51,Clothing,2,30,60,35.75,,,,20.6279354
886,09-04-2023,CUST886,Male,37,Electronics,3,300,900,310,,,,325.5060483
892,09-04-2023,CUST892,Male,20,Electronics,1,50,50,30.25,,,,20.05880028
601,10-04-2023,CUST601,Male,19,Clothing,1,30,30,20,,,,11.84008024
901,10-04-2023,CUST901,Male,31,Electronics,1,30,30,23,,,,11.89537725
527,11-04-2023,CUST527,Male,57,Clothing,2,25,50,33.5,,,,17.31103333
23,12-04-2023,CUST023,Female,35,Clothing,4,30,120,47.25,,,,43.07891559
174,12-04-2023,CUST174,Female,39,Beauty,1,300,300,160,,,,123.3093164
589,12-04-2023,CUST589,Female,36,Beauty,2,500,1000,384.5,,,,356.4139754
774,12-04-2023,CUST774,Female,40,Clothing,2,25,50,29.25,,,,17.04623767
1000,12-04-2023,CUST1000,Male,47,Electronics,4,30,120,50.25,,,,43.04517068
210,13-04-2023,CUST210,Male,37,Electronics,4,50,200,72.75,,,,72.65874324
478,13-04-2023,CUST478,Female,58,Clothing,2,30,60,37.5,,,,20.72249683
745,13-04-2023,CUST745,Male,54,Beauty,2,50,100,51.5,,,,34.65251614
354,15-04-2023,CUST354,Female,49,Beauty,4,50,200,75.75,,,,72.57805604
408,15-04-2023,CUST408,Female,64,Beauty,1,500,500,266.25,,,,205.7968792
674,16-04-2023,CUST674,Female,38,Clothing,1,300,300,159.75,,,,123.3246953
967,17-04-2023,CUST967,Male,62,Beauty,1,25,25,28.25,,,,10.94214187
79,18-04-2023,CUST079,Male,34,Beauty,1,300,300,158.75,,,,123.3871416
406,18-04-2023,CUST406,Female,22,Beauty,4,25,100,37.75,,,,35.75846709
450,18-04-2023,CUST450,Female,59,Beauty,2,25,50,34,,,,17.35475439
562,18-04-2023,CUST562,Male,54,Electronics,2,25,50,32.75,,,,17.25033967
108,19-04-2023,CUST108,Female,27,Beauty,3,25,75,32.5,,,,26.10166422
111,19-04-2023,CUST111,Female,34,Electronics,3,500,1500,509.25,,,,543.4828762
207,19-04-2023,CUST207,Female,42,Beauty,2,25,50,29.75,,,,17.06730702
724,19-04-2023,CUST724,Male,61,Clothing,3,50,150,66,,,,53.09131285
836,19-04-2023,CUST836,Female,22,Clothing,1,50,50,30.75,,,,20.04399458
969,19-04-2023,CUST969,Female,40,Clothing,3,300,900,310.75,,,,325.4668942
246,20-04-2023,CUST246,Female,48,Electronics,2,25,50,31.25,,,,17.14676992
298,20-04-2023,CUST298,Male,27,Beauty,4,300,1200,382.75,,,,443.4402925
374,20-04-2023,CUST374,Female,59,Beauty,3,25,75,40.5,,,,26.22588178
572,20-04-2023,CUST572,Male,31,Clothing,4,500,2000,633.75,,,,739.9807931
665,20-04-2023,CUST665,Male,57,Clothing,1,50,50,39.5,,,,20.16300759
39,21-04-2023,CUST039,Male,23,Clothing,4,30,120,44.25,,,,43.151758
893,21-04-2023,CUST893,Male,49,Electronics,1,50,50,37.5,,,,20.07291396
17,22-04-2023,CUST017,Female,27,Clothing,4,25,100,39,,,,35.72814017
316,22-04-2023,CUST316,Female,48,Clothing,2,25,50,31.25,,,,17.14676992
755,22-04-2023,CUST755,Female,58,Clothing,3,25,75,40.25,,,,26.21508094
28,23-04-2023,CUST028,Female,43,Beauty,1,500,500,261,,,,206.1316327
98,23-04-2023,CUST098,Female,55,Beauty,2,50,100,51.75,,,,34.65381247
129,23-04-2023,CUST129,Female,21,Beauty,2,300,600,230.75,,,,213.5819058
230,23-04-2023,CUST230,Male,54,Beauty,1,25,25,26.25,,,,10.58503513
613,23-04-2023,CUST613,Female,52,Clothing,3,30,90,43.75,,,,31.51060089
691,23-04-2023,CUST691,Female,51,Clothing,3,30,90,43.5,,,,31.50669572
693,23-04-2023,CUST693,Male,41,Beauty,3,500,1500,511,,,,543.3877529
477,24-04-2023,CUST477,Male,43,Clothing,4,30,120,49.25,,,,43.05206695
863,24-04-2023,CUST863,Female,30,Electronics,2,25,50,26.75,,,,16.98195274
6,25-04-2023,CUST006,Female,45,Beauty,1,30,30,26.5,,,,12.1365924
483,25-04-2023,CUST483,Male,55,Clothing,1,30,30,29,,,,12.41974235
738,25-04-2023,CUST738,Male,41,Clothing,2,50,100,48.25,,,,34.66643505
222,26-04-2023,CUST222,Male,51,Clothing,4,30,120,51.25,,,,43.04262967
588,26-04-2023,CUST588,Male,38,Electronics,2,30,60,32.5,,,,20.52551765
953,26-04-2023,CUST953,Male,45,Beauty,3,30,90,42,,,,31.49107016
66,27-04-2023,CUST066,Female,45,Electronics,1,30,30,26.5,,,,12.1365924
482,27-04-2023,CUST482,Female,28,Clothing,4,300,1200,383,,,,443.4277703
903,27-04-2023,CUST903,Female,51,Beauty,4,50,200,76.25,,,,72.56686033
102,28-04-2023,CUST102,Female,47,Beauty,2,25,50,31,,,,17.1318417
228,28-04-2023,CUST228,Female,59,Electronics,2,30,60,37.75,,,,20.73823085
236,28-04-2023,CUST236,Female,54,Clothing,1,25,25,26.25,,,,10.58503513
660,29-04-2023,CUST660,Female,38,Beauty,2,500,1000,385,,,,356.3834838
884,29-04-2023,CUST884,Female,26,Clothing,2,30,60,29.5,,,,20.51638065
987,29-04-2023,CUST987,Female,30,Clothing,3,300,900,308.25,,,,325.5986494
18,30-04-2023,CUST018,Female,47,Electronics,2,25,50,31,,,,17.1318417
69,30-04-2023,CUST069,Female,56,Beauty,3,25,75,39.75,,,,26.19480805
995,30-04-2023,CUST995,Female,41,Clothing,1,30,30,25.5,,,,12.04872919
337,01-05-2023,CUST337,Male,38,Clothing,1,500,500,259.75,,,,206.2149497
585,01-05-2023,CUST585,Female,24,Clothing,1,25,25,18.75,,,,9.827218261
652,01-05-2023,CUST652,Female,34,Beauty,2,50,100,46.5,,,,34.69757736
242,02-05-2023,CUST242,Male,21,Clothing,1,25,25,18,,,,9.807522623
293,02-05-2023,CUST293,Male,50,Electronics,3,30,90,43.25,,,,31.50316204
460,02-05-2023,CUST460,Male,40,Beauty,1,50,50,35.25,,,,20.01591164
188,03-05-2023,CUST188,Male,40,Clothing,3,25,75,35.75,,,,26.09679997
357,03-05-2023,CUST357,Female,40,Electronics,3,25,75,35.75,,,,26.09679997
646,03-05-2023,CUST646,Male,38,Clothing,3,30,90,40.25,,,,31.48976768
749,03-05-2023,CUST749,Male,42,Beauty,1,30,30,25.75,,,,12.0692986
974,03-05-2023,CUST974,Male,47,Beauty,1,30,30,27,,,,12.18605761
190,04-05-2023,CUST190,Female,60,Beauty,3,30,90,45.75,,,,31.55519717
849,04-05-2023,CUST849,Male,32,Clothing,2,25,50,27.25,,,,16.9893119
853,04-05-2023,CUST853,Male,21,Beauty,2,500,1000,380.75,,,,356.6467692
252,05-05-2023,CUST252,Male,54,Electronics,1,300,300,163.75,,,,123.0898268
606,05-05-2023,CUST606,Male,22,Electronics,1,50,50,30.75,,,,20.04399458
779,05-05-2023,CUST779,Female,56,Electronics,2,500,1000,389.5,,,,356.1148647
824,05-05-2023,CUST824,Male,63,Clothing,4,30,120,54.25,,,,43.06113931
866,05-05-2023,CUST866,Male,24,Electronics,1,50,50,31.25,,,,20.03151813
5,06-05-2023,CUST005,Male,30,Beauty,2,50,100,45.5,,,,34.72278611
90,06-05-2023,CUST090,Female,51,Electronics,1,30,30,28,,,,12.29583263
380,06-05-2023,CUST380,Male,56,Electronics,2,300,600,239.5,,,,213.077854
593,06-05-2023,CUST593,Male,35,Electronics,2,30,60,31.75,,,,20.51552385
820,06-05-2023,CUST820,Male,49,Electronics,4,50,200,75.75,,,,72.57805604
120,07-05-2023,CUST120,Male,60,Beauty,1,50,50,40.25,,,,20.20626063
221,07-05-2023,CUST221,Male,39,Beauty,2,300,600,235.25,,,,213.3144228
341,07-05-2023,CUST341,Male,31,Clothing,4,50,200,71.25,,,,72.70775728
640,07-05-2023,CUST640,Female,51,Electronics,4,30,120,51.25,,,,43.04262967
744,07-05-2023,CUST744,Male,40,Electronics,1,25,25,22.75,,,,10.10936293
273,08-05-2023,CUST273,Female,22,Beauty,1,50,50,30.75,,,,20.04399458
283,08-05-2023,CUST283,Female,18,Electronics,1,500,500,254.75,,,,206.5620651
452,08-05-2023,CUST452,Female,48,Clothing,3,500,1500,512.75,,,,543.2936699
469,08-05-2023,CUST469,Male,18,Beauty,3,25,75,30.25,,,,26.14943534
620,08-05-2023,CUST620,Male,63,Electronics,3,25,75,41.5,,,,26.27350138
946,08-05-2023,CUST946,Male,62,Electronics,4,500,2000,641.5,,,,739.5937546
148,09-05-2023,CUST148,Male,18,Clothing,2,30,60,27.5,,,,20.555945
414,09-05-2023,CUST414,Male,48,Beauty,4,25,100,44.25,,,,35.69023632
883,09-05-2023,CUST883,Male,40,Electronics,1,500,500,260.25,,,,206.1814564
731,10-05-2023,CUST731,Male,54,Clothing,4,500,2000,639.5,,,,739.6921974
930,10-05-2023,CUST930,Male,54,Clothing,4,50,200,77,,,,72.55127497
518,11-05-2023,CUST518,Female,40,Clothing,1,30,30,25.25,,,,12.02909883
758,12-05-2023,CUST758,Male,64,Clothing,4,25,100,48.25,,,,35.75846709
639,13-05-2023,CUST639,Female,62,Beauty,4,50,200,79,,,,72.5168084
838,13-05-2023,CUST838,Male,47,Electronics,2,300,600,237.25,,,,213.2011503
353,14-05-2023,CUST353,Male,31,Electronics,1,500,500,258,,,,206.3339223
501,14-05-2023,CUST501,Male,39,Electronics,2,30,60,32.75,,,,20.5299895
721,14-05-2023,CUST721,Female,52,Clothing,1,500,500,263.25,,,,205.9851614
123,15-05-2023,CUST123,Female,40,Electronics,2,30,60,33,,,,20.53503104
164,15-05-2023,CUST164,Female,47,Beauty,3,500,1500,512.5,,,,543.3070466
425,15-05-2023,CUST425,Female,55,Electronics,4,30,120,52.25,,,,43.04444469
48,16-05-2023,CUST048,Male,54,Electronics,3,300,900,314.25,,,,325.2883997
118,16-05-2023,CUST118,Female,30,Electronics,4,500,2000,633.5,,,,739.9935283
203,16-05-2023,CUST203,Male,56,Clothing,2,500,1000,389.5,,,,356.1148647
305,16-05-2023,CUST305,Female,18,Beauty,1,30,30,19.75,,,,11.84189464
358,16-05-2023,CUST358,Female,32,Beauty,1,300,300,158.25,,,,123.4189227
376,16-05-2023,CUST376,Female,64,Beauty,1,30,30,31.25,,,,12.74800842
398,16-05-2023,CUST398,Female,48,Clothing,2,300,600,237.5,,,,213.1872343
411,16-05-2023,CUST411,Male,62,Electronics,4,50,200,79,,,,72.5168084
504,16-05-2023,CUST504,Female,38,Beauty,3,50,150,60.25,,,,53.18346048
970,16-05-2023,CUST970,Male,59,Electronics,4,500,2000,640.75,,,,739.6305534
996,16-05-2023,CUST996,Male,62,Clothing,1,50,50,40.75,,,,20.23794008
81,17-05-2023,CUST081,Male,40,Electronics,1,50,50,35.25,,,,20.01591164
155,17-05-2023,CUST155,Male,31,Electronics,4,500,2000,633.75,,,,739.9807931
470,17-05-2023,CUST470,Female,57,Clothing,2,500,1000,389.75,,,,356.1002481
106,18-05-2023,CUST106,Female,46,Clothing,1,50,50,36.75,,,,20.04867125
818,18-05-2023,CUST818,Male,30,Electronics,1,500,500,257.75,,,,206.35114
94,19-05-2023,CUST094,Female,47,Beauty,2,500,1000,387.25,,,,356.2478673
811,19-05-2023,CUST811,Male,61,Beauty,2,25,50,34.5,,,,17.40105959
881,19-05-2023,CUST881,Male,22,Electronics,1,300,300,155.75,,,,123.5833948
403,20-05-2023,CUST403,Male,32,Clothing,2,300,600,233.5,,,,213.4163697
653,20-05-2023,CUST653,Male,54,Clothing,3,25,75,39.25,,,,26.17631026
694,20-05-2023,CUST694,Female,39,Electronics,2,25,50,29,,,,17.03672504
4,21-05-2023,CUST004,Male,37,Clothing,1,500,500,259.5,,,,206.2317795
647,21-05-2023,CUST647,Male,59,Clothing,3,500,1500,515.5,,,,543.1479282
911,21-05-2023,CUST911,Male,42,Electronics,3,300,900,311.25,,,,325.4409689
419,22-05-2023,CUST419,Female,44,Clothing,3,30,90,41.75,,,,31.48976768
642,22-05-2023,CUST642,Female,54,Clothing,4,25,100,45.75,,,,35.70599346
843,22-05-2023,CUST843,Male,21,Beauty,3,500,1500,506,,,,543.6622918
895,22-05-2023,CUST895,Female,55,Clothing,4,30,120,52.25,,,,43.04444469
31,23-05-2023,CUST031,Male,44,Electronics,4,300,1200,387,,,,443.2309641
37,23-05-2023,CUST037,Female,18,Beauty,3,25,75,30.25,,,,26.14943534
72,23-05-2023,CUST072,Female,20,Electronics,4,500,2000,631,,,,740.1217383
243,23-05-2023,CUST243,Female,47,Electronics,3,300,900,312.5,,,,325.3767768
281,23-05-2023,CUST281,Female,29,Beauty,4,500,2000,633.25,,,,740.006279
489,23-05-2023,CUST489,Male,44,Electronics,1,30,30,26.25,,,,12.11323527
491,23-05-2023,CUST491,Female,60,Electronics,3,300,900,315.75,,,,325.2140341
729,23-05-2023,CUST729,Male,29,Clothing,4,300,1200,383.25,,,,443.4152743
822,23-05-2023,CUST822,Female,52,Beauty,3,50,150,63.75,,,,53.1134914
840,24-05-2023,CUST840,Male,62,Clothing,2,25,50,34.75,,,,17.42517486
404,25-05-2023,CUST404,Male,46,Electronics,2,500,1000,387,,,,356.2628068
899,25-05-2023,CUST899,Male,26,Clothing,2,300,600,232,,,,213.5058547
990,25-05-2023,CUST990,Female,58,Beauty,2,500,1000,390,,,,356.0856639
382,26-05-2023,CUST382,Female,53,Clothing,2,500,1000,388.75,,,,356.1589083
578,26-05-2023,CUST578,Female,54,Clothing,4,30,120,52,,,,43.04358256
923,26-05-2023,CUST923,Male,32,Beauty,3,300,900,308.75,,,,325.5720146
307,27-05-2023,CUST307,Female,26,Electronics,2,25,50,25.75,,,,16.97551085
561,27-05-2023,CUST561,Female,64,Clothing,4,500,2000,642,,,,739.5693003
651,27-05-2023,CUST651,Male,51,Clothing,3,50,150,63.5,,,,53.11705823
988,28-05-2023,CUST988,Female,63,Clothing,3,25,75,41.5,,,,26.27350138
67,29-05-2023,CUST067,Female,48,Beauty,4,300,1200,388,,,,443.1828065
915,30-05-2023,CUST915,Female,26,Beauty,3,30,90,37.25,,,,31.52993369
985,30-05-2023,CUST985,Female,19,Electronics,2,25,50,24,,,,16.99080634
56,31-05-2023,CUST056,Female,26,Clothing,3,300,900,307.25,,,,325.6523441
159,31-05-2023,CUST159,Male,26,Clothing,4,50,200,70,,,,72.75300681
862,31-05-2023,CUST862,Male,28,Electronics,4,300,1200,383,,,,443.4277703
315,01-06-2023,CUST315,Male,47,Clothing,2,30,60,34.75,,,,20.58623251
545,01-06-2023,CUST545,Male,27,Clothing,2,25,50,26,,,,16.97608612
902,01-06-2023,CUST902,Female,54,Beauty,1,50,50,38.75,,,,20.12490295
170,02-06-2023,CUST170,Female,25,Clothing,2,25,50,25.5,,,,16.97562591
685,02-06-2023,CUST685,Male,57,Electronics,2,25,50,33.5,,,,17.31103333
958,02-06-2023,CUST958,Male,62,Electronics,2,25,50,34.75,,,,17.42517486
363,03-06-2023,CUST363,Male,64,Beauty,1,25,25,28.75,,,,11.04023183
394,03-06-2023,CUST394,Female,27,Clothing,1,500,500,257,,,,206.403125
537,03-06-2023,CUST537,Female,21,Beauty,1,500,500,255.5,,,,206.5085879
387,04-06-2023,CUST387,Male,44,Beauty,1,30,30,26.25,,,,12.11323527
556,04-06-2023,CUST556,Female,18,Electronics,1,50,50,29.75,,,,20.07593008
782,04-06-2023,CUST782,Male,59,Clothing,3,300,900,315.5,,,,325.2263395
906,04-06-2023,CUST906,Female,20,Clothing,1,50,50,30.25,,,,20.05880028
560,05-06-2023,CUST560,Female,25,Electronics,1,50,50,31.5,,,,20.02615477
944,05-06-2023,CUST944,Male,44,Clothing,2,25,50,30.25,,,,17.09109326
481,06-06-2023,CUST481,Female,43,Electronics,4,300,1200,386.75,,,,443.2430687
867,06-06-2023,CUST867,Male,21,Electronics,1,500,500,255.5,,,,206.5085879
882,06-06-2023,CUST882,Female,64,Electronics,2,25,50,35.25,,,,17.47531741
961,06-06-2023,CUST961,Male,53,Beauty,4,50,200,76.75,,,,72.55630895
187,07-06-2023,CUST187,Female,64,Clothing,2,50,100,54,,,,34.68068627
446,07-06-2023,CUST446,Male,21,Electronics,1,50,50,30.5,,,,20.05110658
539,08-06-2023,CUST539,Male,25,Beauty,1,500,500,256.5,,,,206.4380582
587,08-06-2023,CUST587,Female,40,Beauty,4,300,1200,386,,,,443.2795393
212,09-06-2023,CUST212,Male,21,Clothing,3,500,1500,506,,,,543.6622918
765,09-06-2023,CUST765,Male,43,Clothing,4,50,200,74.25,,,,72.61550605
769,09-06-2023,CUST769,Female,31,Electronics,4,30,120,46.25,,,,43.09885983
321,10-06-2023,CUST321,Female,26,Electronics,2,25,50,25.75,,,,16.97551085
356,10-06-2023,CUST356,Male,50,Electronics,3,500,1500,513.25,,,,543.2669801
510,10-06-2023,CUST510,Female,39,Beauty,4,50,200,73.25,,,,72.64368843
534,10-06-2023,CUST534,Male,45,Clothing,2,500,1000,386.75,,,,356.2777785
104,11-06-2023,CUST104,Female,34,Beauty,2,500,1000,384,,,,356.444596
110,11-06-2023,CUST110,Male,27,Clothing,3,300,900,307.5,,,,325.6388673
352,11-06-2023,CUST352,Male,57,Electronics,2,500,1000,389.75,,,,356.1002481
365,11-06-2023,CUST365,Male,31,Clothing,1,300,300,158,,,,123.4349525
887,11-06-2023,CUST887,Male,59,Clothing,4,25,100,47,,,,35.72814017
629,12-06-2023,CUST629,Male,62,Electronics,2,25,50,34.75,,,,17.42517486
655,13-06-2023,CUST655,Female,55,Clothing,1,500,500,264,,,,205.9373388
567,14-06-2023,CUST567,Female,25,Clothing,3,300,900,307,,,,325.6658564
182,15-06-2023,CUST182,Male,62,Beauty,4,30,120,54,,,,43.05810028
819,15-06-2023,CUST819,Female,35,Beauty,2,50,100,46.75,,,,34.69211681
100,16-06-2023,CUST100,Male,41,Electronics,1,30,30,25.5,,,,12.04872919
833,16-06-2023,CUST833,Male,42,Beauty,4,50,200,74,,,,72.62231062
542,17-06-2023,CUST542,Female,20,Beauty,1,50,50,30.25,,,,20.05880028
723,17-06-2023,CUST723,Female,54,Beauty,4,50,200,77,,,,72.55127497
726,17-06-2023,CUST726,Male,47,Clothing,4,300,1200,387.75,,,,443.1948067
488,18-06-2023,CUST488,Female,51,Electronics,3,300,900,313.5,,,,325.3260624
239,19-06-2023,CUST239,Male,38,Electronics,3,500,1500,510.25,,,,543.4283927
498,19-06-2023,CUST498,Female,50,Clothing,4,25,100,44.75,,,,35.69417626
532,19-06-2023,CUST532,Female,64,Clothing,4,30,120,54.5,,,,43.06445025
669,19-06-2023,CUST669,Male,24,Beauty,4,300,1200,382,,,,443.4780152
877,19-06-2023,CUST877,Female,58,Clothing,1,25,25,27.25,,,,10.75635713
422,20-06-2023,CUST422,Female,28,Clothing,3,30,90,37.75,,,,31.5195252
466,20-06-2023,CUST466,Male,63,Electronics,4,25,100,48,,,,35.75174821
583,21-06-2023,CUST583,Female,24,Electronics,4,25,100,38.25,,,,35.7453559
654,21-06-2023,CUST654,Male,42,Clothing,3,25,75,36.25,,,,26.10278661
40,22-06-2023,CUST040,Male,45,Beauty,1,50,50,36.5,,,,20.04175329
699,22-06-2023,CUST699,Female,37,Clothing,4,30,120,47.75,,,,43.07057254
727,22-06-2023,CUST727,Male,55,Beauty,3,300,900,314.5,,,,325.2759165
830,22-06-2023,CUST830,Female,64,Clothing,3,50,150,66.75,,,,53.08789145
224,23-06-2023,CUST224,Female,25,Clothing,1,50,50,31.5,,,,20.02615477
271,23-06-2023,CUST271,Female,62,Beauty,4,30,120,54,,,,43.05810028
36,24-06-2023,CUST036,Male,52,Beauty,3,300,900,313.75,,,,325.3134726
157,24-06-2023,CUST157,Male,62,Electronics,4,500,2000,641.5,,,,739.5937546
796,24-06-2023,CUST796,Male,43,Beauty,4,30,120,49.25,,,,43.05206695
839,24-06-2023,CUST839,Female,20,Electronics,4,300,1200,381,,,,443.5286772
927,24-06-2023,CUST927,Male,43,Electronics,4,500,2000,636.75,,,,739.8291901
407,25-06-2023,CUST407,Female,46,Electronics,3,300,900,312.25,,,,325.3895442
46,26-06-2023,CUST046,Female,20,Electronics,4,300,1200,381,,,,443.5286772
509,26-06-2023,CUST509,Female,37,Electronics,3,300,900,310,,,,325.5060483
874,26-06-2023,CUST874,Male,60,Beauty,1,30,30,30.25,,,,12.59386631
788,27-06-2023,CUST788,Female,52,Beauty,3,300,900,313.75,,,,325.3134726
378,28-06-2023,CUST378,Male,50,Beauty,1,300,300,162.75,,,,123.1463021
480,29-06-2023,CUST480,Female,42,Beauty,4,500,2000,636.5,,,,739.8417377
492,29-06-2023,CUST492,Male,61,Beauty,4,25,100,47.5,,,,35.73929035
737,29-06-2023,CUST737,Female,33,Clothing,1,50,50,33.5,,,,20.00429641
684,30-06-2023,CUST684,Female,28,Clothing,2,500,1000,382.5,,,,356.5372307
878,30-06-2023,CUST878,Female,20,Clothing,1,30,30,20.25,,,,11.83925541
78,01-07-2023,CUST078,Female,47,Clothing,3,500,1500,512.5,,,,543.3070466
260,01-07-2023,CUST260,Male,28,Beauty,2,30,60,30,,,,20.5121915
455,01-07-2023,CUST455,Male,31,Electronics,4,25,100,40,,,,35.70976757
837,01-07-2023,CUST837,Male,18,Beauty,3,30,90,35.25,,,,31.58637711
45,03-07-2023,CUST045,Female,55,Electronics,1,30,30,29,,,,12.41974235
449,03-07-2023,CUST449,Male,25,Electronics,4,50,200,69.75,,,,72.76253651
904,04-07-2023,CUST904,Male,28,Clothing,1,500,500,257.25,,,,206.3857413
59,05-07-2023,CUST059,Male,62,Clothing,1,50,50,40.75,,,,20.23794008
128,05-07-2023,CUST128,Male,25,Beauty,1,500,500,256.5,,,,206.4380582
186,05-07-2023,CUST186,Male,20,Clothing,4,50,200,68.5,,,,72.81258047
802,05-07-2023,CUST802,Female,46,Beauty,1,30,30,26.75,,,,12.16086834
75,06-07-2023,CUST075,Male,61,Beauty,4,50,200,78.75,,,,72.52055204
447,06-07-2023,CUST447,Male,22,Beauty,4,500,2000,631.5,,,,740.0959714
528,06-07-2023,CUST528,Female,36,Clothing,2,30,60,32,,,,20.51828453
759,08-07-2023,CUST759,Male,49,Electronics,2,50,100,50.25,,,,34.65110703
870,08-07-2023,CUST870,Female,46,Electronics,4,30,120,50,,,,43.0464865
77,09-07-2023,CUST077,Female,47,Clothing,2,50,100,49.75,,,,34.65291068
381,09-07-2023,CUST381,Female,44,Clothing,4,25,100,43.25,,,,35.68629595
439,09-07-2023,CUST439,Male,50,Clothing,3,25,75,38.25,,,,26.14465469
792,09-07-2023,CUST792,Female,20,Beauty,1,50,50,30.25,,,,20.05880028
176,11-07-2023,CUST176,Female,43,Beauty,2,50,100,48.75,,,,34.66057514
216,11-07-2023,CUST216,Male,62,Electronics,2,50,100,53.5,,,,34.6723503
772,12-07-2023,CUST772,Male,26,Electronics,1,30,30,21.75,,,,11.85508198
53,13-07-2023,CUST053,Male,34,Electronics,2,50,100,46.5,,,,34.69757736
43,14-07-2023,CUST043,Female,48,Clothing,1,300,300,162.25,,,,123.1751008
71,14-07-2023,CUST071,Female,51,Beauty,4,25,100,45,,,,35.6966385
93,14-07-2023,CUST093,Female,35,Beauty,4,500,2000,634.75,,,,739.9300088
302,14-07-2023,CUST302,Male,57,Beauty,2,300,600,239.75,,,,213.064425
551,14-07-2023,CUST551,Male,45,Electronics,3,300,900,312,,,,325.4023471
681,14-07-2023,CUST681,Female,43,Electronics,2,30,60,33.75,,,,20.55356949
722,14-07-2023,CUST722,Male,20,Beauty,3,300,900,305.75,,,,325.7339489
728,14-07-2023,CUST728,Male,51,Electronics,3,50,150,63.5,,,,53.11705823
829,14-07-2023,CUST829,Male,61,Beauty,3,30,90,46,,,,31.56243812
955,14-07-2023,CUST955,Male,58,Clothing,1,25,25,27.25,,,,10.75635713
144,15-07-2023,CUST144,Female,59,Beauty,3,500,1500,515.5,,,,543.1479282
474,15-07-2023,CUST474,Female,26,Clothing,3,500,1500,507.25,,,,543.5928616
603,16-07-2023,CUST603,Female,40,Clothing,3,30,90,40.75,,,,31.48827907
661,16-07-2023,CUST661,Female,44,Clothing,4,25,100,43.25,,,,35.68629595
143,17-07-2023,CUST143,Female,45,Clothing,1,50,50,36.5,,,,20.04175329
515,17-07-2023,CUST515,Female,49,Clothing,3,300,900,313,,,,325.3513485
304,19-07-2023,CUST304,Female,37,Electronics,2,30,60,32.25,,,,20.52161589
676,19-07-2023,CUST676,Male,63,Electronics,3,500,1500,516.5,,,,543.0955688
686,19-07-2023,CUST686,Female,28,Electronics,4,50,200,70.5,,,,72.73442703
698,19-07-2023,CUST698,Female,64,Electronics,1,300,300,166.25,,,,122.955197
709,21-07-2023,CUST709,Female,19,Electronics,2,500,1000,380.25,,,,356.6783554
114,22-07-2023,CUST114,Female,22,Beauty,4,25,100,37.75,,,,35.75846709
359,22-07-2023,CUST359,Male,50,Clothing,1,50,50,37.75,,,,20.08215548
773,23-07-2023,CUST773,Male,25,Electronics,4,500,2000,632.25,,,,740.0574381
127,24-07-2023,CUST127,Female,33,Clothing,2,25,50,27.5,,,,16.99402469
213,24-07-2023,CUST213,Male,27,Beauty,3,500,1500,507.5,,,,543.5790392
487,24-07-2023,CUST487,Male,44,Clothing,4,500,2000,637,,,,739.816658
495,24-07-2023,CUST495,Male,24,Beauty,2,30,60,29,,,,20.52285312
605,24-07-2023,CUST605,Male,37,Electronics,2,500,1000,384.75,,,,356.3987135
105,25-07-2023,CUST105,Female,22,Electronics,1,500,500,255.75,,,,206.4908726
299,25-07-2023,CUST299,Male,61,Electronics,2,500,1000,390.75,,,,356.0421049
934,25-07-2023,CUST934,Male,30,Beauty,1,500,500,257.75,,,,206.35114
270,26-07-2023,CUST270,Male,43,Electronics,1,300,300,161,,,,123.2487322
338,26-07-2023,CUST338,Male,54,Beauty,2,50,100,51.5,,,,34.65251614
543,26-07-2023,CUST543,Male,49,Beauty,2,300,600,237.75,,,,213.1733724
557,27-07-2023,CUST557,Female,20,Beauty,3,30,90,35.75,,,,31.5700486
702,27-07-2023,CUST702,Female,60,Clothing,2,300,600,240.5,,,,213.0244631
864,27-07-2023,CUST864,Female,51,Electronics,1,500,500,263,,,,206.0012136
254,28-07-2023,CUST254,Male,41,Electronics,1,500,500,260.5,,,,206.164793
295,28-07-2023,CUST295,Female,27,Beauty,3,300,900,307.5,,,,325.6388673
457,28-07-2023,CUST457,Female,58,Beauty,3,300,900,315.25,,,,325.2386804
668,28-07-2023,CUST668,Female,62,Electronics,3,50,150,66.25,,,,53.08995167
850,28-07-2023,CUST850,Female,26,Beauty,2,500,1000,382,,,,356.5683665
541,29-07-2023,CUST541,Male,56,Beauty,1,500,500,264.25,,,,205.9215092
980,29-07-2023,CUST980,Female,31,Electronics,3,25,75,33.5,,,,26.09208453
262,30-07-2023,CUST262,Female,32,Beauty,4,30,120,46.5,,,,43.09346673
467,30-07-2023,CUST467,Female,53,Electronics,3,50,150,64,,,,53.11014498
463,31-07-2023,CUST463,Female,54,Beauty,3,500,1500,514.25,,,,543.2138556
598,01-08-2023,CUST598,Male,37,Beauty,4,30,120,47.75,,,,43.07057254
667,01-08-2023,CUST667,Female,29,Electronics,1,500,500,257.5,,,,206.368413
672,01-08-2023,CUST672,Female,34,Beauty,2,50,100,46.5,,,,34.69757736
949,02-08-2023,CUST949,Female,41,Electronics,2,25,50,29.5,,,,17.05643207
27,03-08-2023,CUST027,Female,38,Beauty,2,25,50,28.75,,,,17.02789531
347,03-08-2023,CUST347,Male,42,Electronics,1,25,25,23.25,,,,10.16485213
687,03-08-2023,CUST687,Female,53,Electronics,1,300,300,163.5,,,,123.1038053
549,04-08-2023,CUST549,Female,50,Beauty,2,50,100,50.5,,,,34.65071247
675,04-08-2023,CUST675,Female,45,Clothing,2,30,60,34.25,,,,20.56876804
730,04-08-2023,CUST730,Female,36,Clothing,2,25,50,28.25,,,,17.01228876
798,04-08-2023,CUST798,Male,61,Clothing,1,50,50,40.5,,,,20.22181681
13,05-08-2023,CUST013,Male,22,Electronics,3,500,1500,506.25,,,,543.6483633
35,05-08-2023,CUST035,Female,58,Beauty,3,300,900,315.25,,,,325.2386804
140,05-08-2023,CUST140,Male,38,Electronics,1,30,30,24.75,,,,11.99267354
206,05-08-2023,CUST206,Male,61,Clothing,1,25,25,28,,,,10.89437928
261,05-08-2023,CUST261,Male,21,Clothing,2,25,50,24.5,,,,16.98298781
279,05-08-2023,CUST279,Male,50,Clothing,1,500,500,262.75,,,,206.0173214
308,05-08-2023,CUST308,Female,34,Beauty,4,300,1200,384.5,,,,443.3531853
418,05-08-2023,CUST418,Female,60,Electronics,2,500,1000,390.5,,,,356.0565922
612,06-08-2023,CUST612,Female,61,Electronics,1,500,500,265.5,,,,205.8431973
875,06-08-2023,CUST875,Female,51,Electronics,4,500,2000,638.75,,,,739.7293714
430,07-08-2023,CUST430,Female,43,Electronics,3,300,900,311.5,,,,325.4280594
633,07-08-2023,CUST633,Male,39,Beauty,4,30,120,48.25,,,,43.06331639
125,08-08-2023,CUST125,Male,48,Clothing,2,50,100,50,,,,34.65183978
716,08-08-2023,CUST716,Female,60,Clothing,4,300,1200,391,,,,443.0408418
790,08-08-2023,CUST790,Male,62,Clothing,1,25,25,28.25,,,,10.94214187
960,08-08-2023,CUST960,Male,59,Clothing,2,30,60,37.75,,,,20.73823085
259,09-08-2023,CUST259,Female,45,Clothing,4,50,200,74.75,,,,72.60237922
443,09-08-2023,CUST443,Male,29,Clothing,2,300,600,232.75,,,,213.4608699
529,09-08-2023,CUST529,Female,35,Clothing,3,50,150,59.5,,,,53.20405882
563,09-08-2023,CUST563,Male,20,Clothing,2,30,60,28,,,,20.54263858
801,10-08-2023,CUST801,Male,21,Clothing,4,50,200,68.75,,,,72.8022525
160,11-08-2023,CUST160,Female,43,Clothing,2,50,100,48.75,,,,34.66057514
508,11-08-2023,CUST508,Male,58,Beauty,2,300,600,240,,,,213.0510502
807,11-08-2023,CUST807,Female,50,Electronics,4,50,200,76,,,,72.57237767
511,12-08-2023,CUST511,Male,45,Beauty,2,50,100,49.25,,,,34.65606684
521,12-08-2023,CUST521,Female,47,Clothing,4,30,120,50.25,,,,43.04517068
695,12-08-2023,CUST695,Female,22,Electronics,3,50,150,56.25,,,,53.31609015
816,12-08-2023,CUST816,Male,47,Beauty,2,500,1000,387.25,,,,356.2478673
217,13-08-2023,CUST217,Female,35,Electronics,4,50,200,72.25,,,,72.67443993
384,13-08-2023,CUST384,Male,55,Clothing,1,500,500,264,,,,205.9373388
648,14-08-2023,CUST648,Male,53,Beauty,4,300,1200,389.25,,,,443.1231973
926,14-08-2023,CUST926,Male,22,Electronics,1,30,30,20.75,,,,11.8405751
285,15-08-2023,CUST285,Female,31,Electronics,1,25,25,20.5,,,,9.91447805
427,15-08-2023,CUST427,Male,25,Electronics,1,25,25,19,,,,9.836157786
569,15-08-2023,CUST569,Male,52,Electronics,4,50,200,76.5,,,,72.56150408
570,15-08-2023,CUST570,Male,49,Clothing,1,500,500,262.5,,,,206.0334848
630,15-08-2023,CUST630,Male,42,Clothing,2,50,100,48.5,,,,34.66333618
957,15-08-2023,CUST957,Female,60,Electronics,4,30,120,53.5,,,,43.05283818
635,17-08-2023,CUST635,Female,63,Electronics,3,300,900,316.5,,,,325.1773314
29,18-08-2023,CUST029,Female,42,Electronics,1,30,30,25.75,,,,12.0692986
277,18-08-2023,CUST277,Male,36,Clothing,4,25,100,41.25,,,,35.69417626
859,18-08-2023,CUST859,Female,56,Electronics,3,500,1500,514.75,,,,543.1874209
638,19-08-2023,CUST638,Male,46,Electronics,1,500,500,261.75,,,,206.0823087
823,19-08-2023,CUST823,Female,56,Electronics,2,50,100,52,,,,34.6554469
956,19-08-2023,CUST956,Male,30,Clothing,3,500,1500,508.25,,,,543.5376992
981,19-08-2023,CUST981,Female,30,Electronics,2,30,60,30.5,,,,20.51028705
219,20-08-2023,CUST219,Female,53,Electronics,3,30,90,44,,,,31.51487744
73,21-08-2023,CUST073,Male,29,Electronics,3,30,90,38,,,,31.51487744
162,21-08-2023,CUST162,Male,39,Clothing,2,30,60,32.75,,,,20.5299895
306,21-08-2023,CUST306,Male,54,Electronics,1,50,50,38.75,,,,20.12490295
725,21-08-2023,CUST725,Male,61,Electronics,1,300,300,165.5,,,,122.994601
880,21-08-2023,CUST880,Male,22,Beauty,2,500,1000,381,,,,356.6310243
992,21-08-2023,CUST992,Female,57,Electronics,2,30,60,37.25,,,,20.70731679
597,22-08-2023,CUST597,Male,22,Beauty,4,300,1200,381.5,,,,443.5032941
622,22-08-2023,CUST622,Female,49,Beauty,3,25,75,38,,,,26.13785569
116,23-08-2023,CUST116,Female,23,Clothing,1,30,30,21,,,,11.84271928
364,23-08-2023,CUST364,Female,19,Beauty,1,500,500,255,,,,206.5441841
368,23-08-2023,CUST368,Female,56,Clothing,4,300,1200,390,,,,443.0877453
50,24-08-2023,CUST050,Female,27,Beauty,3,25,75,32.5,,,,26.10166422
479,24-08-2023,CUST479,Male,52,Electronics,4,300,1200,389,,,,443.1350669
804,24-08-2023,CUST804,Male,42,Electronics,1,30,30,25.75,,,,12.0692986
92,25-08-2023,CUST092,Female,51,Electronics,4,30,120,51.25,,,,43.04262967
282,25-08-2023,CUST282,Female,64,Electronics,4,50,200,79.5,,,,72.50980537
718,25-08-2023,CUST718,Female,59,Beauty,3,25,75,40.5,,,,26.22588178
617,26-08-2023,CUST617,Male,34,Electronics,1,30,30,23.75,,,,11.9312811
624,26-08-2023,CUST624,Female,34,Beauty,3,300,900,309.25,,,,325.5455217
825,26-08-2023,CUST825,Female,46,Beauty,1,25,25,24.25,,,,10.28860869
568,27-08-2023,CUST568,Female,51,Electronics,1,300,300,163,,,,123.1320429
671,27-08-2023,CUST671,Male,62,Electronics,3,50,150,66.25,,,,53.08995167
756,27-08-2023,CUST756,Female,62,Electronics,4,300,1200,391.5,,,,443.0175469
815,27-08-2023,CUST815,Female,51,Clothing,3,25,75,38.5,,,,26.15190003
146,28-08-2023,CUST146,Male,38,Clothing,4,50,200,73,,,,72.65113557
263,28-08-2023,CUST263,Male,23,Beauty,2,30,60,28.75,,,,20.52694494
704,28-08-2023,CUST704,Female,62,Clothing,3,30,90,46.25,,,,31.5700486
476,29-08-2023,CUST476,Female,27,Clothing,4,500,2000,632.75,,,,740.0318273
733,29-08-2023,CUST733,Male,34,Beauty,1,30,30,23.75,,,,11.9312811
924,29-08-2023,CUST924,Male,55,Beauty,2,50,100,51.75,,,,34.65381247
984,29-08-2023,CUST984,Male,56,Clothing,1,500,500,264.25,,,,205.9215092
251,31-08-2023,CUST251,Female,57,Beauty,4,50,200,77.75,,,,72.53714027
253,31-08-2023,CUST253,Female,53,Clothing,4,500,2000,639.25,,,,739.7045731
574,31-08-2023,CUST574,Female,63,Electronics,2,25,50,35,,,,17.44992837
751,31-08-2023,CUST751,Female,42,Clothing,2,25,50,29.75,,,,17.06730702
871,31-08-2023,CUST871,Male,62,Beauty,2,30,60,38.5,,,,20.78874395
200,01-09-2023,CUST200,Male,27,Beauty,3,50,150,57.5,,,,53.26862937
594,01-09-2023,CUST594,Female,19,Electronics,2,300,600,230.25,,,,213.6127026
637,01-09-2023,CUST637,Male,43,Clothing,2,300,600,236.25,,,,213.2573544
855,01-09-2023,CUST855,Male,54,Beauty,1,25,25,26.25,,,,10.58503513
325,02-09-2023,CUST325,Female,52,Electronics,2,25,50,32.25,,,,17.21316266
682,02-09-2023,CUST682,Male,46,Beauty,4,300,1200,387.5,,,,443.2068331
931,02-09-2023,CUST931,Male,30,Beauty,4,30,120,46,,,,43.10452412
925,03-09-2023,CUST925,Male,25,Electronics,1,300,300,156.5,,,,123.5330801
297,04-09-2023,CUST297,Female,40,Electronics,2,500,1000,385.5,,,,356.353121
814,05-09-2023,CUST814,Female,59,Clothing,1,500,500,265,,,,205.8743549
894,05-09-2023,CUST894,Male,52,Electronics,1,30,30,28.25,,,,12.32550075
194,06-09-2023,CUST194,Male,55,Clothing,4,50,200,77.25,,,,72.54640218
245,06-09-2023,CUST245,Male,47,Clothing,3,30,90,42.5,,,,31.49479124
296,06-09-2023,CUST296,Female,22,Clothing,4,300,1200,381.5,,,,443.5032941
644,06-09-2023,CUST644,Male,23,Beauty,3,25,75,31.5,,,,26.11842022
696,06-09-2023,CUST696,Female,50,Clothing,4,50,200,76,,,,72.57237767
312,07-09-2023,CUST312,Male,41,Clothing,4,30,120,48.75,,,,43.05714771
692,07-09-2023,CUST692,Female,64,Clothing,2,50,100,54,,,,34.68068627
835,07-09-2023,CUST835,Male,37,Clothing,4,50,200,72.75,,,,72.65874324
183,08-09-2023,CUST183,Female,43,Beauty,3,300,900,311.5,,,,325.4280594
413,08-09-2023,CUST413,Female,44,Beauty,3,25,75,36.75,,,,26.11056719
799,08-09-2023,CUST799,Male,56,Electronics,2,50,100,52,,,,34.6554469
851,08-09-2023,CUST851,Male,32,Electronics,2,25,50,27.25,,,,16.9893119
858,09-09-2023,CUST858,Male,23,Electronics,2,50,100,43.75,,,,34.77983207
919,09-09-2023,CUST919,Female,22,Beauty,2,25,50,24.75,,,,16.98011245
935,09-09-2023,CUST935,Female,34,Beauty,1,50,50,33.75,,,,20.00419878
132,10-09-2023,CUST132,Male,42,Electronics,4,50,200,74,,,,72.62231062
604,11-09-2023,CUST604,Female,29,Electronics,4,50,200,70.75,,,,72.72537706
832,11-09-2023,CUST832,Male,47,Beauty,4,500,2000,637.75,,,,739.7791557
113,13-09-2023,CUST113,Female,41,Electronics,2,25,50,29.5,,,,17.05643207
165,14-09-2023,CUST165,Female,60,Clothing,4,300,1200,391,,,,443.0408418
326,15-09-2023,CUST326,Female,18,Clothing,3,25,75,30.25,,,,26.14943534
19,16-09-2023,CUST019,Female,62,Clothing,2,25,50,34.75,,,,17.42517486
412,16-09-2023,CUST412,Female,19,Electronics,4,500,2000,630.75,,,,740.1346452
632,16-09-2023,CUST632,Female,26,Electronics,4,25,100,38.75,,,,35.73355172
167,17-09-2023,CUST167,Female,43,Clothing,3,50,150,61.5,,,,53.15352176
172,17-09-2023,CUST172,Male,32,Beauty,2,25,50,27.25,,,,16.9893119
375,17-09-2023,CUST375,Male,32,Clothing,1,50,50,33.25,,,,20.00497985
538,17-09-2023,CUST538,Male,18,Clothing,3,50,150,55.25,,,,53.35798177
794,17-09-2023,CUST794,Female,60,Beauty,1,300,300,165.25,,,,123.0079234
131,18-09-2023,CUST131,Female,21,Beauty,2,300,600,230.75,,,,213.5819058
330,18-09-2023,CUST330,Female,25,Beauty,4,50,200,69.75,,,,72.76253651
494,18-09-2023,CUST494,Female,42,Beauty,4,50,200,74,,,,72.62231062
513,19-09-2023,CUST513,Male,24,Electronics,4,25,100,38.25,,,,35.7453559
573,19-09-2023,CUST573,Male,49,Beauty,2,30,60,35.25,,,,20.60595712
241,21-09-2023,CUST241,Female,23,Electronics,3,25,75,31.5,,,,26.11842022
579,21-09-2023,CUST579,Female,38,Electronics,1,30,30,24.75,,,,11.99267354
218,22-09-2023,CUST218,Male,64,Beauty,3,30,90,46.75,,,,31.58637711
846,22-09-2023,CUST846,Male,42,Beauty,1,50,50,35.75,,,,20.02449672
616,23-09-2023,CUST616,Male,41,Clothing,2,50,100,48.25,,,,34.66643505
523,24-09-2023,CUST523,Female,62,Electronics,1,300,300,165.75,,,,122.9813724
643,24-09-2023,CUST643,Female,28,Electronics,3,30,90,37.75,,,,31.5195252
351,25-09-2023,CUST351,Female,56,Clothing,3,30,90,44.75,,,,31.52993369
809,25-09-2023,CUST809,Female,62,Beauty,2,50,100,53.5,,,,34.6723503
954,25-09-2023,CUST954,Female,50,Electronics,3,300,900,313.25,,,,325.3386877
897,26-09-2023,CUST897,Female,64,Electronics,2,50,100,54,,,,34.68068627
147,28-09-2023,CUST147,Male,23,Electronics,1,300,300,156,,,,123.5665307
204,28-09-2023,CUST204,Male,39,Beauty,1,25,25,22.5,,,,10.08324724
390,28-09-2023,CUST390,Male,39,Electronics,2,50,100,47.75,,,,34.67364588
179,29-09-2023,CUST179,Male,31,Electronics,1,300,300,158,,,,123.4349525
327,29-09-2023,CUST327,Male,57,Electronics,3,50,150,65,,,,53.09896421
626,29-09-2023,CUST626,Female,26,Clothing,4,500,2000,632.5,,,,740.0446249
873,29-09-2023,CUST873,Female,27,Electronics,4,25,100,39,,,,35.72814017
196,30-09-2023,CUST196,Female,32,Clothing,3,300,900,308.75,,,,325.5720146
789,30-09-2023,CUST789,Female,61,Clothing,4,500,2000,641.25,,,,739.6060052
89,01-10-2023,CUST089,Female,55,Electronics,4,500,2000,639.75,,,,739.6798373
707,01-10-2023,CUST707,Female,26,Clothing,1,500,500,256.75,,,,206.4205639
909,01-10-2023,CUST909,Male,26,Electronics,1,300,300,156.75,,,,123.5164937
51,02-10-2023,CUST051,Male,27,Beauty,3,25,75,32.5,,,,26.10166422
154,02-10-2023,CUST154,Male,51,Electronics,3,300,900,313.5,,,,325.3260624
276,02-10-2023,CUST276,Female,21,Beauty,4,25,100,37.5,,,,35.76551237
497,02-10-2023,CUST497,Male,41,Clothing,4,30,120,48.75,,,,43.05714771
889,02-10-2023,CUST889,Female,35,Electronics,1,50,50,34,,,,20.00468695
122,03-10-2023,CUST122,Male,64,Electronics,4,30,120,54.5,,,,43.06445025
373,03-10-2023,CUST373,Female,25,Beauty,2,300,600,231.75,,,,213.5209573
524,03-10-2023,CUST524,Male,46,Beauty,4,300,1200,387.5,,,,443.2068331
688,03-10-2023,CUST688,Male,56,Clothing,4,25,100,46.25,,,,35.71386942
813,03-10-2023,CUST813,Male,52,Electronics,3,50,150,63.75,,,,53.1134914
178,04-10-2023,CUST178,Male,40,Clothing,2,30,60,33,,,,20.53503104
208,04-10-2023,CUST208,Female,34,Electronics,4,50,200,72,,,,72.68252885
247,04-10-2023,CUST247,Male,41,Electronics,2,30,60,33.25,,,,20.54064188
290,04-10-2023,CUST290,Female,30,Beauty,2,300,600,233,,,,213.4459826
656,04-10-2023,CUST656,Male,29,Beauty,3,30,90,38,,,,31.51487744
735,04-10-2023,CUST735,Female,64,Clothing,4,500,2000,642,,,,739.5693003
319,05-10-2023,CUST319,Male,31,Clothing,1,500,500,258,,,,206.3339223
670,05-10-2023,CUST670,Male,27,Beauty,1,30,30,22,,,,11.86117616
385,06-10-2023,CUST385,Male,50,Electronics,3,500,1500,513.25,,,,543.2669801
10,07-10-2023,CUST010,Female,52,Clothing,4,50,200,76.5,,,,72.56150408
26,07-10-2023,CUST026,Female,28,Electronics,2,500,1000,382.5,,,,356.5372307
437,07-10-2023,CUST437,Female,35,Electronics,4,300,1200,384.75,,,,443.3408457
689,07-10-2023,CUST689,Male,57,Electronics,2,50,100,52.25,,,,34.65741939
558,08-10-2023,CUST558,Female,41,Clothing,1,25,25,23,,,,10.13656747
634,08-10-2023,CUST634,Male,60,Electronics,4,500,2000,641,,,,739.6182715
201,09-10-2023,CUST201,Male,56,Electronics,1,25,25,26.75,,,,10.66884337
286,09-10-2023,CUST286,Male,55,Electronics,2,25,50,33,,,,17.26991604
876,09-10-2023,CUST876,Male,43,Clothing,4,30,120,49.25,,,,43.05206695
55,10-10-2023,CUST055,Male,31,Beauty,4,30,120,46.25,,,,43.09885983
428,10-10-2023,CUST428,Female,40,Electronics,4,50,200,73.5,,,,72.63640186
441,10-10-2023,CUST441,Male,57,Beauty,4,300,1200,390.25,,,,443.0759802
976,10-10-2023,CUST976,Female,48,Beauty,2,300,600,237.5,,,,213.1872343
149,11-10-2023,CUST149,Male,22,Clothing,3,25,75,31.25,,,,26.12372904
227,11-10-2023,CUST227,Male,36,Electronics,2,50,100,47,,,,34.68699324
393,11-10-2023,CUST393,Female,22,Beauty,2,500,1000,381,,,,356.6310243
401,11-10-2023,CUST401,Female,62,Clothing,1,300,300,165.75,,,,122.9813724
546,11-10-2023,CUST546,Female,36,Electronics,4,50,200,72.5,,,,72.66651137
872,11-10-2023,CUST872,Female,63,Beauty,3,25,75,41.5,,,,26.27350138
914,11-10-2023,CUST914,Female,59,Electronics,1,500,500,265,,,,205.8743549
310,12-10-2023,CUST310,Female,28,Beauty,1,25,25,19.75,,,,9.870054141
844,12-10-2023,CUST844,Male,35,Clothing,3,50,150,59.5,,,,53.20405882
852,12-10-2023,CUST852,Female,41,Clothing,1,300,300,160.5,,,,123.2788379
97,13-10-2023,CUST097,Female,51,Beauty,2,500,1000,388.25,,,,356.1884322
619,13-10-2023,CUST619,Male,47,Electronics,4,25,100,44,,,,35.68875873
948,13-10-2023,CUST948,Female,23,Electronics,3,25,75,31.5,,,,26.11842022
456,14-10-2023,CUST456,Male,57,Electronics,2,30,60,37.25,,,,20.70731679
627,14-10-2023,CUST627,Male,57,Clothing,1,50,50,39.5,,,,20.16300759
22,15-10-2023,CUST022,Male,18,Clothing,2,50,100,42.5,,,,34.83061692
121,15-10-2023,CUST121,Female,28,Electronics,4,50,200,70.5,,,,72.73442703
431,15-10-2023,CUST431,Male,63,Electronics,4,300,1200,391.75,,,,443.0059387
370,16-10-2023,CUST370,Male,23,Electronics,2,30,60,28.75,,,,20.52694494
711,16-10-2023,CUST711,Male,26,Electronics,3,500,1500,507.25,,,,543.5928616
754,16-10-2023,CUST754,Female,43,Electronics,4,25,100,43,,,,35.68613176
943,16-10-2023,CUST943,Female,57,Clothing,4,300,1200,390.25,,,,443.0759802
350,17-10-2023,CUST350,Male,25,Beauty,3,25,75,32,,,,26.10914591
786,17-10-2023,CUST786,Male,48,Clothing,4,25,100,44.25,,,,35.69023632
109,18-10-2023,CUST109,Female,34,Electronics,4,500,2000,634.5,,,,739.9426815
191,18-10-2023,CUST191,Male,64,Beauty,1,25,25,28.75,,,,11.04023183
340,19-10-2023,CUST340,Female,36,Clothing,4,300,1200,385,,,,443.3285322
555,19-10-2023,CUST555,Male,25,Beauty,1,300,300,156.5,,,,123.5330801
826,19-10-2023,CUST826,Female,46,Clothing,1,300,300,161.75,,,,123.2042733
962,19-10-2023,CUST962,Male,44,Clothing,2,30,60,34,,,,20.56088519
249,20-10-2023,CUST249,Male,20,Clothing,1,50,50,30.25,,,,20.05880028
922,21-10-2023,CUST922,Male,41,Electronics,1,50,50,35.5,,,,20.01991196
600,22-10-2023,CUST600,Female,59,Beauty,2,500,1000,390.25,,,,356.0711119
680,22-10-2023,CUST680,Female,53,Clothing,3,300,900,314,,,,325.3009184
770,22-10-2023,CUST770,Male,32,Clothing,1,50,50,33.25,,,,20.00497985
60,23-10-2023,CUST060,Male,30,Beauty,3,50,150,58.25,,,,53.24277386
250,23-10-2023,CUST250,Male,48,Electronics,1,50,50,37.25,,,,20.06425226
516,23-10-2023,CUST516,Male,30,Beauty,4,25,100,39.75,,,,35.71386942
937,23-10-2023,CUST937,Female,62,Beauty,1,500,500,265.75,,,,205.8277021
318,24-10-2023,CUST318,Male,61,Clothing,1,25,25,28,,,,10.89437928
342,24-10-2023,CUST342,Female,43,Clothing,4,500,2000,636.75,,,,739.8291901
564,24-10-2023,CUST564,Male,50,Electronics,2,50,100,50.5,,,,34.65071247
767,24-10-2023,CUST767,Male,39,Beauty,3,25,75,35.5,,,,26.09447978
503,25-10-2023,CUST503,Male,45,Beauty,4,500,2000,637.25,,,,739.8041416
869,25-10-2023,CUST869,Male,37,Beauty,3,500,1500,510,,,,543.4419817
126,26-10-2023,CUST126,Female,28,Clothing,3,30,90,37.75,,,,31.5195252
349,26-10-2023,CUST349,Female,57,Beauty,1,50,50,39.5,,,,20.16300759
440,26-10-2023,CUST440,Male,64,Clothing,2,300,600,241.5,,,,212.9719392
124,27-10-2023,CUST124,Male,33,Clothing,4,500,2000,634.25,,,,739.9553697
324,27-10-2023,CUST324,Female,52,Electronics,3,50,150,63.75,,,,53.1134914
677,27-10-2023,CUST677,Female,19,Beauty,3,500,1500,505.5,,,,543.6902122
30,29-10-2023,CUST030,Female,39,Beauty,3,300,900,310.5,,,,325.4799101
226,29-10-2023,CUST226,Female,61,Clothing,1,50,50,40.5,,,,20.22181681
229,29-10-2023,CUST229,Male,58,Beauty,3,30,90,45.25,,,,31.54182491
896,29-10-2023,CUST896,Female,30,Electronics,2,25,50,26.75,,,,16.98195274
959,29-10-2023,CUST959,Female,42,Electronics,2,30,60,33.5,,,,20.54682153
998,29-10-2023,CUST998,Female,23,Beauty,4,25,100,38,,,,35.75174821
12,30-10-2023,CUST012,Male,35,Beauty,3,25,75,34.5,,,,26.08968906
710,31-10-2023,CUST710,Female,26,Electronics,3,500,1500,507.25,,,,543.5928616
776,31-10-2023,CUST776,Male,35,Clothing,3,30,90,39.5,,,,31.49479124
817,31-10-2023,CUST817,Male,30,Beauty,4,50,200,71,,,,72.71648713
334,01-11-2023,CUST334,Male,31,Electronics,3,300,900,308.5,,,,325.5853143
343,01-11-2023,CUST343,Male,21,Electronics,2,25,50,24.5,,,,16.98298781
628,01-11-2023,CUST628,Female,19,Beauty,4,50,200,68.25,,,,72.8230679
983,01-11-2023,CUST983,Female,29,Clothing,1,300,300,157.5,,,,123.4672907
141,02-11-2023,CUST141,Female,22,Electronics,1,50,50,30.75,,,,20.04399458
145,02-11-2023,CUST145,Female,39,Clothing,3,25,75,35.5,,,,26.09447978
507,02-11-2023,CUST507,Female,37,Electronics,3,500,1500,510,,,,543.4419817
841,02-11-2023,CUST841,Male,31,Electronics,4,25,100,40,,,,35.70976757
898,02-11-2023,CUST898,Female,42,Clothing,3,30,90,41.25,,,,31.48827907
951,02-11-2023,CUST951,Male,33,Beauty,2,50,100,46.25,,,,34.70337475
181,03-11-2023,CUST181,Male,19,Electronics,4,300,1200,380.75,,,,443.5414078
784,04-11-2023,CUST784,Female,34,Electronics,1,500,500,258.75,,,,206.2826016
20,05-11-2023,CUST020,Male,22,Clothing,3,300,900,306.25,,,,325.7066057
690,05-11-2023,CUST690,Female,52,Clothing,3,300,900,313.75,,,,325.3134726
47,06-11-2023,CUST047,Female,40,Beauty,3,500,1500,510.75,,,,543.4012783
405,06-11-2023,CUST405,Female,25,Clothing,4,300,1200,382.25,,,,443.4654149
205,07-11-2023,CUST205,Female,43,Clothing,1,25,25,23.5,,,,10.19420791
512,07-11-2023,CUST512,Female,57,Beauty,1,25,25,27,,,,10.71214264
565,07-11-2023,CUST565,Female,45,Beauty,2,30,60,34.25,,,,20.56876804
761,07-11-2023,CUST761,Female,33,Clothing,1,500,500,258.5,,,,206.2996531
762,07-11-2023,CUST762,Female,24,Electronics,2,25,50,25.25,,,,16.97643127
950,07-11-2023,CUST950,Male,36,Clothing,3,300,900,309.75,,,,325.5191707
86,08-11-2023,CUST086,Male,19,Beauty,3,30,90,35.5,,,,31.57802836
173,08-11-2023,CUST173,Male,64,Electronics,4,30,120,54.5,,,,43.06445025
595,09-11-2023,CUST595,Female,18,Clothing,4,500,2000,630.5,,,,740.1475676
827,09-11-2023,CUST827,Male,61,Beauty,3,300,900,316,,,,325.2017643
965,09-11-2023,CUST965,Male,22,Clothing,4,50,200,69,,,,72.79208405
388,10-11-2023,CUST388,Male,50,Electronics,1,25,25,25.25,,,,10.42888866
631,10-11-2023,CUST631,Male,56,Electronics,3,30,90,44.75,,,,31.52993369
554,12-11-2023,CUST554,Female,46,Beauty,3,50,150,62.25,,,,53.13819689
812,12-11-2023,CUST812,Male,19,Electronics,3,25,75,30.5,,,,26.14233874
58,13-11-2023,CUST058,Male,18,Clothing,4,300,1200,380.5,,,,443.5541645
952,13-11-2023,CUST952,Female,57,Clothing,1,25,25,27,,,,10.71214264
345,14-11-2023,CUST345,Male,62,Electronics,1,30,30,30.75,,,,12.66932195
458,14-11-2023,CUST458,Female,39,Electronics,4,25,100,42,,,,35.68875873
582,14-11-2023,CUST582,Male,35,Clothing,3,300,900,309.5,,,,325.5323285
963,14-11-2023,CUST963,Female,55,Beauty,1,50,50,39,,,,20.13703057
369,15-11-2023,CUST369,Male,23,Electronics,3,500,1500,506.5,,,,543.6344561
706,15-11-2023,CUST706,Male,51,Electronics,4,25,100,45,,,,35.6966385
747,15-11-2023,CUST747,Male,23,Beauty,1,30,30,21,,,,11.84271928
533,16-11-2023,CUST533,Male,19,Electronics,3,500,1500,505.5,,,,543.6902122
169,17-11-2023,CUST169,Male,18,Beauty,3,500,1500,505.25,,,,543.7042042
645,17-11-2023,CUST645,Female,35,Electronics,4,30,120,47.25,,,,43.07891559
968,17-11-2023,CUST968,Female,48,Clothing,3,300,900,312.75,,,,325.3640449
997,17-11-2023,CUST997,Male,52,Beauty,3,30,90,43.75,,,,31.51060089
57,18-11-2023,CUST057,Female,63,Beauty,1,30,30,31,,,,12.70826503
137,18-11-2023,CUST137,Male,46,Beauty,2,500,1000,387,,,,356.2628068
778,18-11-2023,CUST778,Female,47,Beauty,4,25,100,44,,,,35.68875873
599,19-11-2023,CUST599,Female,28,Beauty,2,50,100,45,,,,34.73740779
938,19-11-2023,CUST938,Male,49,Clothing,4,50,200,75.75,,,,72.57805604
234,20-11-2023,CUST234,Female,62,Electronics,2,25,50,34.75,,,,17.42517486
410,21-11-2023,CUST410,Female,29,Clothing,2,50,100,45.25,,,,34.72992901
417,21-11-2023,CUST417,Male,43,Electronics,3,300,900,311.5,,,,325.4280594
581,21-11-2023,CUST581,Female,48,Beauty,2,30,60,35,,,,20.59581268
74,22-11-2023,CUST074,Female,18,Beauty,4,500,2000,630.5,,,,740.1475676
87,22-11-2023,CUST087,Female,28,Beauty,2,50,100,45,,,,34.73740779
803,22-11-2023,CUST803,Male,39,Clothing,4,25,100,42,,,,35.68875873
424,23-11-2023,CUST424,Male,57,Beauty,4,300,1200,390.25,,,,443.0759802
641,23-11-2023,CUST641,Female,40,Electronics,1,300,300,160.25,,,,123.2940305
918,23-11-2023,CUST918,Female,42,Electronics,3,30,90,41.25,,,,31.48827907
1,24-11-2023,CUST001,Male,34,Beauty,3,50,150,59.25,,,,53.21136362
95,24-11-2023,CUST095,Female,32,Clothing,2,30,60,31,,,,20.51066796
171,24-11-2023,CUST171,Female,52,Clothing,3,300,900,313.75,,,,325.3134726
156,25-11-2023,CUST156,Female,43,Clothing,4,25,100,43,,,,35.68613176
493,25-11-2023,CUST493,Male,41,Beauty,2,25,50,29.5,,,,17.05643207
115,26-11-2023,CUST115,Male,51,Clothing,3,500,1500,513.5,,,,543.2536672
715,26-11-2023,CUST715,Female,42,Beauty,4,25,100,42.75,,,,35.68629595
267,27-11-2023,CUST267,Female,32,Beauty,3,30,90,38.75,,,,31.50316204
362,27-11-2023,CUST362,Male,50,Clothing,1,25,25,25.25,,,,10.42888866
856,27-11-2023,CUST856,Male,54,Electronics,4,30,120,52,,,,43.04358256
84,28-11-2023,CUST084,Female,38,Electronics,3,30,90,40.25,,,,31.48976768
795,28-11-2023,CUST795,Male,57,Electronics,1,300,300,164.5,,,,123.0484534
24,29-11-2023,CUST024,Female,49,Clothing,1,300,300,162.5,,,,123.1606547
215,29-11-2023,CUST215,Male,58,Clothing,3,500,1500,515.25,,,,543.1610712
739,29-11-2023,CUST739,Male,36,Beauty,1,25,25,21.75,,,,10.01151681
289,30-11-2023,CUST289,Male,53,Electronics,2,30,60,36.25,,,,20.65216015
741,30-11-2023,CUST741,Male,48,Clothing,1,300,300,162.25,,,,123.1751008
810,30-11-2023,CUST810,Male,59,Electronics,4,25,100,47,,,,35.72814017
266,01-12-2023,CUST266,Female,19,Electronics,2,30,60,27.75,,,,20.54900773
389,01-12-2023,CUST389,Male,21,Clothing,2,25,50,24.5,,,,16.98298781
112,02-12-2023,CUST112,Male,37,Clothing,3,500,1500,510,,,,543.4419817
566,02-12-2023,CUST566,Female,64,Clothing,1,30,30,31.25,,,,12.74800842
608,02-12-2023,CUST608,Female,55,Electronics,3,500,1500,514.5,,,,543.2006276
348,03-12-2023,CUST348,Female,35,Electronics,2,300,600,234.25,,,,213.3723546
199,04-12-2023,CUST199,Male,45,Beauty,3,500,1500,512,,,,543.3338638
258,04-12-2023,CUST258,Female,37,Clothing,1,50,50,34.5,,,,20.0074205
485,04-12-2023,CUST485,Male,24,Electronics,1,30,30,21.25,,,,11.84585239
576,04-12-2023,CUST576,Female,33,Beauty,3,50,150,59,,,,53.21888762
65,05-12-2023,CUST065,Male,51,Electronics,4,500,2000,638.75,,,,739.7293714
311,05-12-2023,CUST311,Female,32,Beauty,4,25,100,40.25,,,,35.70599346
791,05-12-2023,CUST791,Female,51,Beauty,1,25,25,25.5,,,,10.4664643
971,05-12-2023,CUST971,Female,27,Electronics,4,50,200,70.25,,,,72.74363696
999,05-12-2023,CUST999,Female,36,Electronics,3,50,150,59.75,,,,53.1969733
395,06-12-2023,CUST395,Male,50,Electronics,2,500,1000,388,,,,356.2032425
535,06-12-2023,CUST535,Male,47,Beauty,3,30,90,42.5,,,,31.49479124
580,06-12-2023,CUST580,Female,31,Clothing,3,500,1500,508.5,,,,543.5239616
712,06-12-2023,CUST712,Female,57,Beauty,2,25,50,33.5,,,,17.31103333
868,06-12-2023,CUST868,Female,25,Electronics,1,300,300,156.5,,,,123.5330801
531,07-12-2023,CUST531,Male,31,Electronics,1,500,500,258,,,,206.3339223
550,07-12-2023,CUST550,Male,40,Clothing,3,300,900,310.75,,,,325.4668942
392,08-12-2023,CUST392,Male,27,Clothing,2,300,600,232.25,,,,213.4908059
453,08-12-2023,CUST453,Female,26,Clothing,2,500,1000,382,,,,356.5683665
540,08-12-2023,CUST540,Female,46,Electronics,3,300,900,312.25,,,,325.3895442
625,08-12-2023,CUST625,Male,31,Clothing,1,300,300,158,,,,123.4349525
244,09-12-2023,CUST244,Male,28,Beauty,2,50,100,45,,,,34.73740779
355,09-12-2023,CUST355,Female,55,Electronics,1,500,500,264,,,,205.9373388
468,09-12-2023,CUST468,Male,40,Electronics,1,25,25,22.75,,,,10.10936293
700,09-12-2023,CUST700,Male,36,Electronics,4,500,2000,635,,,,739.9173518
752,09-12-2023,CUST752,Male,29,Clothing,2,50,100,45.25,,,,34.72992901
828,09-12-2023,CUST828,Female,33,Electronics,4,300,1200,384.25,,,,443.3655509
80,10-12-2023,CUST080,Female,64,Clothing,2,30,60,39,,,,20.82516507
214,10-12-2023,CUST214,Male,20,Beauty,2,30,60,28,,,,20.54263858
361,10-12-2023,CUST361,Female,34,Electronics,4,300,1200,384.5,,,,443.3531853
526,10-12-2023,CUST526,Male,33,Clothing,2,50,100,46.25,,,,34.70337475
265,11-12-2023,CUST265,Male,55,Clothing,3,300,900,314.5,,,,325.2759165
586,11-12-2023,CUST586,Male,50,Electronics,1,50,50,37.75,,,,20.08215548
336,12-12-2023,CUST336,Female,52,Beauty,3,50,150,63.75,,,,53.1134914
571,12-12-2023,CUST571,Female,41,Electronics,1,50,50,35.5,,,,20.01991196
9,13-12-2023,CUST009,Male,63,Electronics,2,300,600,241.25,,,,212.9849888
552,13-12-2023,CUST552,Female,49,Electronics,3,25,75,38,,,,26.13785569
771,13-12-2023,CUST771,Male,24,Electronics,2,25,50,25.25,,,,16.97643127
496,14-12-2023,CUST496,Male,23,Clothing,2,300,600,231.25,,,,213.551324
701,14-12-2023,CUST701,Female,52,Beauty,2,30,60,36,,,,20.63976744
139,15-12-2023,CUST139,Male,36,Beauty,4,500,2000,635,,,,739.9173518
151,15-12-2023,CUST151,Male,29,Clothing,1,50,50,32.5,,,,20.0105441
83,16-12-2023,CUST083,Male,54,Electronics,2,50,100,51.5,,,,34.65251614
153,16-12-2023,CUST153,Male,63,Electronics,2,500,1000,391.25,,,,356.0132272
451,16-12-2023,CUST451,Female,45,Electronics,1,30,30,26.5,,,,12.1365924
99,17-12-2023,CUST099,Female,50,Electronics,4,300,1200,388.5,,,,443.1588845
783,17-12-2023,CUST783,Female,56,Clothing,1,300,300,164.25,,,,123.0621508
409,18-12-2023,CUST409,Female,21,Electronics,3,300,900,306,,,,325.7202596
525,18-12-2023,CUST525,Female,47,Beauty,2,25,50,31,,,,17.1318417
939,18-12-2023,CUST939,Female,46,Electronics,1,300,300,161.75,,,,123.2042733
994,18-12-2023,CUST994,Female,51,Beauty,2,500,1000,388.25,,,,356.1884322
96,19-12-2023,CUST096,Female,44,Clothing,2,300,600,236.5,,,,213.2432223
609,19-12-2023,CUST609,Female,47,Clothing,2,50,100,49.75,,,,34.65291068
982,19-12-2023,CUST982,Female,46,Beauty,3,30,90,42.25,,,,31.4927447
209,20-12-2023,CUST209,Female,30,Electronics,4,50,200,71,,,,72.71648713
435,20-12-2023,CUST435,Female,30,Beauty,3,300,900,308.25,,,,325.5986494
777,20-12-2023,CUST777,Male,48,Electronics,3,50,150,62.75,,,,53.12908073
854,20-12-2023,CUST854,Male,29,Clothing,1,50,50,32.5,,,,20.0105441
890,20-12-2023,CUST890,Male,34,Electronics,2,25,50,27.75,,,,16.99942554
865,21-12-2023,CUST865,Female,42,Clothing,1,300,300,160.75,,,,123.2637385
662,22-12-2023,CUST662,Male,48,Beauty,2,500,1000,387.5,,,,356.2329601
309,23-12-2023,CUST309,Female,26,Beauty,1,25,25,19.25,,,,9.846279437
544,23-12-2023,CUST544,Female,27,Electronics,1,25,25,19.5,,,,9.857579571
602,23-12-2023,CUST602,Female,20,Electronics,1,300,300,155.25,,,,123.6174006
615,23-12-2023,CUST615,Female,61,Clothing,4,25,100,47.5,,,,35.73929035
678,23-12-2023,CUST678,Female,60,Electronics,3,300,900,315.75,,,,325.2140341
781,23-12-2023,CUST781,Male,35,Beauty,1,500,500,259,,,,206.2656055
34,24-12-2023,CUST034,Female,51,Clothing,3,50,150,63.5,,,,53.11705823
916,24-12-2023,CUST916,Female,32,Electronics,1,50,50,33.25,,,,20.00497985
757,25-12-2023,CUST757,Female,43,Electronics,4,300,1200,386.75,,,,443.2430687
25,26-12-2023,CUST025,Female,64,Beauty,1,50,50,41.25,,,,20.27188247
82,26-12-2023,CUST082,Female,32,Beauty,4,50,200,71.5,,,,72.69918758
472,26-12-2023,CUST472,Female,38,Beauty,3,300,900,310.25,,,,325.4929615
842,26-12-2023,CUST842,Female,47,Clothing,2,300,600,237.25,,,,213.2011503
879,26-12-2023,CUST879,Male,23,Clothing,1,30,30,21,,,,11.84271928
991,26-12-2023,CUST991,Female,34,Clothing,2,50,100,46.5,,,,34.69757736
62,27-12-2023,CUST062,Male,18,Beauty,2,50,100,42.5,,,,34.83061692
386,27-12-2023,CUST386,Female,54,Electronics,2,300,600,239,,,,213.1048744
429,28-12-2023,CUST429,Male,64,Electronics,2,25,50,35.25,,,,17.47531741
664,28-12-2023,CUST664,Female,44,Clothing,4,500,2000,637,,,,739.816658
989,28-12-2023,CUST989,Female,44,Electronics,1,25,25,23.75,,,,10.2246256
233,29-12-2023,CUST233,Female,51,Beauty,2,300,600,238.25,,,,213.1458109
520,29-12-2023,CUST520,Female,49,Electronics,4,25,100,44.5,,,,35.69204218
805,29-12-2023,CUST805,Female,30,Beauty,3,500,1500,508.25,,,,543.5376992
908,29-12-2023,CUST908,Male,46,Beauty,4,300,1200,387.5,,,,443.2068331
857,31-12-2023,CUST857,Male,60,Electronics,2,25,50,34.25,,,,17.37758524
211,01-01-2024,CUST211,Male,42,Beauty,3,500,1500,511.25,,,,543.3742488
650,01-01-2024,CUST650,Male,55,Electronics,1,30,30,29,,,,12.41974235
